j,coord,value
1,1,1.8443926679651277
2,1,3.5887358646898098
3,1,0.6696484937642024
4,1,2.0885706595837643
1,2,3.0228277568003095
2,2,3.3299760532618228
3,2,2.2561515063974196
4,2,3.0429768333036513
