i,coord,value
1,1,1.3631405650266153
2,1,2.110239158093661
1,2,1.2944236859006248
2,2,3.3992567191694487
