j,coord,value
1,1,3.4553936423871545
2,1,2.060845795814626
3,1,1.0923155270333544
4,1,2.9336376690915715
1,2,3.551682883428483
2,2,3.7444081208139948
3,2,1.3511702538457424
4,2,2.3622937807251825
