i,coord,value
1,1,1.6377628294512236
2,1,1.786864435715058
1,2,0.6054106253652896
2,2,3.704541983886581
