j,coord,value
1,1,0.8934474921894293
2,1,3.954482283483987
3,1,1.1342721158115117
4,1,1.6265737646979743
1,2,3.7195625304934246
2,2,1.0276191202188465
3,2,1.2750961070278373
4,2,1.2381799476775437
