i,coord,value
1,1,1.9828820290618518
2,1,2.75740690246533
1,2,1.020152679274294
2,2,3.8724870169573338
