j,coord,value
1,1,0.9522790713870397
2,1,0.8664232547164379
3,1,0.5954499551785335
4,1,3.446304872882573
1,2,2.259215100933301
2,2,2.5907846904574305
3,2,1.0227295125284064
4,2,0.05925533199141819
