i,coord,value
1,1,1.466738288768465
2,1,1.1635786930726253
1,2,1.8019039461244297
2,2,3.9606620838958477
