i,coord,value
1,1,1.8486961398232817
2,1,1.72286213423879
1,2,0.14236731208483877
2,2,2.579446660291146
