j,coord,value
1,1,1.4687998044414088
2,1,2.882397487948281
3,1,0.3235942726170329
4,1,1.966193212077823
1,2,3.4483233094520913
2,2,1.9316751699467969
3,2,0.06858855695239141
4,2,2.950895830592269
