j,coord,value
1,1,3.738051946847834
2,1,2.7621543530596857
3,1,1.0325791400018574
4,1,3.6663701075219377
1,2,3.956047139220739
2,2,3.6783172783894473
3,2,1.7401095531027995
4,2,2.0475131580765473
