i,coord,value
1,1,1.2368746523286487
2,1,1.0729300777703157
1,2,0.700588278077307
2,2,2.661111246408641
