j,coord,value
1,1,2.879879891230408
2,1,3.6304642395363476
3,1,2.157054237850314
4,1,2.4724098104473287
1,2,0.1284496267818458
2,2,1.0554493055895984
3,2,1.3744667231795629
4,2,1.4242795656210796
