i,coord,value
1,1,2.085958954127444
2,1,1.315099077680986
1,2,1.110977067705662
2,2,2.8170794083754176
