i,coord,value
1,1,2.897369470237914
2,1,1.0981927760487908
1,2,1.7748881781837784
2,2,2.9070864094285493
