j,coord,value
1,1,3.412386581076292
2,1,1.4440734759365959
3,1,2.9572353778087463
4,1,2.4686532572749824
1,2,2.401039787682358
2,2,2.810938770138959
3,2,3.258814326771173
4,2,3.5161094435115485
