j,coord,value
1,1,2.686876540498522
2,1,0.12100497363692009
3,1,1.9909141354829791
4,1,1.6798481415231552
1,2,1.6948618914856066
2,2,3.698459414359441
3,2,2.198556899088064
4,2,3.2538702252239675
