i,coord,value
1,1,1.2627198381888358
2,1,1.3552655691025302
1,2,0.8290219988203067
2,2,3.7361782281389537
