i,coord,value
1,1,2.9230105567465996
2,1,1.9082382971048826
1,2,0.9598256470900588
2,2,3.10777066504134
