j,coord,value
1,1,0.8740252660624575
2,1,1.0045044292057383
3,1,0.925088540761072
4,1,3.0036140713924198
1,2,1.279987118143048
2,2,1.0057853386835456
3,2,0.26472260346533494
4,2,2.328054747833247
