j,coord,value
1,1,3.311487055502358
2,1,1.251750431326565
3,1,2.664052653625191
4,1,1.3761300636638456
1,2,1.1734680224853027
2,2,0.5301188369192547
3,2,0.6074003918311863
4,2,3.3121471625923724
