i,coord,value
1,1,2.720677651616003
2,1,2.562809574334315
1,2,0.3105983318542793
2,2,3.0032361897453383
