j,coord,value
1,1,2.9168983475967067
2,1,0.19454854563134694
3,1,3.0199132935647635
4,1,0.99673964493127
1,2,1.6310556569610246
2,2,3.3810795868220933
3,2,1.5808088687272392
4,2,0.1926208667357998
