i,coord,value
1,1,1.530975406512748
2,1,1.9323064120087095
1,2,1.1117283068282533
2,2,3.8499914152231565
