i,coord,value
1,1,2.7233635410191006
2,1,2.7134889556492854
1,2,1.0348702554260327
2,2,3.0144645556490604
