j,coord,value
1,1,2.9954217704872
2,1,1.7519600957421546
3,1,0.20664010729195148
4,1,0.309789459814394
1,2,2.7031459158323563
2,2,1.2137638072764378
3,2,3.9857383790050784
4,2,2.6511807839587047
