i,coord,value
1,1,1.30988435402823
2,1,1.1228467227818613
1,2,1.6967030335201723
2,2,3.5680944372976136
