j,coord,value
1,1,0.25553155070014455
2,1,1.9605875444673804
3,1,0.4920933463079127
4,1,3.6293629485688674
1,2,0.9658365613192652
2,2,3.376527188854025
3,2,2.0742052000546396
4,2,2.9863685614341806
