uj,t,value
1,1,4777.068599587745
2,1,0.0
3,1,1356.0183229205277
4,1,6622.825491192877
1,2,4206.420692946599
2,2,0.0
3,2,1243.2512879907072
4,2,7306.240432763843
