uj,t,value
1,1,4275.8799936409505
2,1,1857.2069288673229
3,1,0.0
4,1,6622.825491192877
1,2,3767.667240203814
2,2,1711.935819884262
3,2,0.0
4,2,7276.3093536130955
