uj,t,value
1,1,4275.8799936409505
2,1,1163.4223382567372
3,1,693.7845906105852
4,1,6622.825491192877
1,2,3737.736161053045
2,2,888.1391711326679
3,2,823.7966487515931
4,2,7306.240432763843
