uj,t,value
1,1,5514.017946219166
2,1,619.068976289107
3,1,0.0
4,1,6622.825491192877
1,2,4879.026707642554
2,2,570.6452732947519
3,2,0.0
4,2,7306.240432763843
