uj,t,value
1,1,4275.8799936409505
2,1,1163.4223382567754
3,1,693.7845906105474
4,1,6622.825491192876
1,2,3622.396131220755
2,2,1163.4223382567754
3,2,693.7845906105474
4,2,7276.309353613073
