uj,t,value
1,1,4777.068784107082
2,1,0.0
3,1,1356.0181384011858
4,1,6622.825491192882
1,2,4206.420445600507
2,2,0.0
3,2,1243.2515353367987
4,2,7306.240432763843
