uj,t,value
1,1,3656.8110173518426
2,1,2476.2759051564294
3,1,0.0
4,1,6622.825491192877
1,2,3188.9781034252874
2,2,2282.581093179014
3,2,0.0
4,2,7284.353217096871
