uj,t,value
1,1,3188.9781034252865
2,1,3095.3448814455364
3,1,0.0
4,1,6471.589428830326
1,2,3188.978103425293
2,2,2853.2263664737675
3,2,0.0
4,2,6713.707943802107
