uj,t,value
1,1,4275.8799936409505
2,1,1857.206928867322
3,1,0.0
4,1,6622.825491192877
1,2,3737.736161053045
2,2,1711.935819884261
3,2,0.0
4,2,7306.240432763843
