uj,t,value
1,1,5514.017946219165
2,1,619.068976289107
3,1,0.0
4,1,6622.825491192877
1,2,4908.957786793323
2,2,570.6452732947528
3,2,0.0
4,2,7276.309353613074
