uj,t,value
1,1,3188.978103425288
2,1,3188.9781034252874
3,1,525.4357543093556
4,1,5852.520452541217
1,2,3188.9781034252874
2,2,3188.9781034252874
3,2,234.8935363432338
4,2,6143.06267050734
