uj,t,value
1,1,3188.9781034252874
2,1,3188.9781034252874
3,1,1763.5737068875706
4,1,4614.382499963003
1,2,3188.9781034252874
2,2,3188.9781034252874
3,2,1376.1840829327411
4,2,5001.772123917833
