uj,t,value
1,1,6133.086922508272
2,1,0.0
3,1,0.0
4,1,6622.825491192877
1,2,5479.603060088075
2,2,0.0
3,2,0.0
4,2,7276.309353613096
