uj,t,value
1,1,4894.948969930058
2,1,1238.137952578214
3,1,0.0
4,1,6622.825491192877
1,2,4338.3125134985685
2,2,1141.2905465895074
3,2,0.0
4,2,7276.309353613074
