i,coord,value
1,1,2.247059799754819
2,1,1.6445025670412932
1,2,1.3078851271933327
2,2,3.318320407586505
