j,coord,value
1,1,0.7154211843605758
2,1,0.14596168103319096
3,1,1.8316683808583583
4,1,0.9300245422158069
1,2,0.9614995599186837
2,2,0.046513016488080705
3,2,1.5089630658215087
4,2,0.5668621333370241
