i,coord,value
1,1,1.6585542196199825
2,1,1.445351828819108
1,2,1.9867918632293022
2,2,3.627971337993705
