j,coord,value
1,1,1.7534396461851016
2,1,2.517801373155493
3,1,3.7425801341400655
4,1,0.25135450016315986
1,2,1.5170105315603561
2,2,3.533213048672087
3,2,3.7709502339591237
4,2,1.106498835022983
