j,coord,value
1,1,2.0514114679706137
2,1,0.32420503626511366
3,1,2.587932972372887
4,1,2.3866423815545095
1,2,0.6045966700507956
2,2,1.3261299362629795
3,2,3.5514050226924194
4,2,1.1794058593938996
