i,coord,value
1,1,2.5470380050839863
2,1,2.434263898037737
1,2,1.9707286170915044
2,2,2.536445426752225
