i,coord,value
1,1,2.1488362552314317
2,1,1.2793418044106666
1,2,0.7842657977525975
2,2,3.1552979558096457
