i,coord,value
1,1,1.6682536078877952
2,1,1.3821535562076372
1,2,0.7609423762387353
2,2,2.342801711088676
