j,coord,value
1,1,3.7831966019940664
2,1,1.1180724081145565
3,1,0.8093407644654844
4,1,2.4779580938293795
1,2,0.5733499369212831
2,2,3.74064888297607
3,2,3.60371443860654
4,2,1.7950336033854555
