i,coord,value
1,1,2.957587913515997
2,1,2.9985412540078342
1,2,0.8950685723238387
2,2,3.8703147841234102
