i,coord,value
1,1,2.2878527501409485
2,1,2.9522940747215625
1,2,0.6689837455187664
2,2,3.822639511791933
