j,coord,value
1,1,3.5198427105620422
2,1,1.093312150325052
3,1,1.3742553722641677
4,1,3.6359771414977375
1,2,3.4547138157089545
2,2,1.466824072129068
3,2,1.5775824015407274
4,2,2.425171275369819
