i,coord,value
1,1,1.7065238094268915
2,1,1.148861702908018
1,2,1.3385414510659215
2,2,2.0882065689807137
