j,coord,value
1,1,3.0414370773196886
2,1,3.6862233661406703
3,1,2.091986593038345
4,1,1.9427854729224001
1,2,3.084760982186827
2,2,0.9119244585981487
3,2,3.9659168526584763
4,2,0.9707130769734023
