i,coord,value
1,1,2.1568513919543513
2,1,1.444135932158871
1,2,0.8512607405843546
2,2,2.507724886350082
