j,coord,value
1,1,0.7948419176699968
2,1,1.8105027518369146
3,1,0.7550786777242426
4,1,1.4294899084065018
1,2,2.0802819911414936
2,2,0.9661561007272303
3,2,2.6016806550665192
4,2,1.7265125670318602
