j,coord,value
1,1,1.072757015641744
2,1,2.5469881770677243
3,1,0.2280775124877752
4,1,0.28776036919081527
1,2,1.549332004713695
2,2,2.5018202112248917
3,2,0.0006664664526114805
4,2,2.6040362380354507
