i,coord,value
1,1,2.544391633760687
2,1,2.689720371852798
1,2,1.9390027770118168
2,2,3.279293610152556
