j,coord,value
1,1,2.5135296781962277
2,1,0.431081270217049
3,1,1.1218979129980764
4,1,0.8993062769628928
1,2,3.5870015390572947
2,2,2.3707053046852833
3,2,2.9019117004039257
4,2,1.5464838236389573
