i,coord,value
1,1,2.367809398485612
2,1,1.8409601694014308
1,2,0.15876829764329425
2,2,3.1532569945918256
