uj,t,value
1,1,4275.87999364095
2,1,1163.4223382568118
3,1,693.784590610511
4,1,6622.825491192877
1,2,3737.736161053045
2,2,888.1391711326548
3,2,823.7966487516062
4,2,7306.240432763843
