uj,t,value
1,1,3656.811017351843
2,1,2476.2759051564294
3,1,0.0
4,1,6622.825491192877
1,2,3197.021966909061
2,2,2282.5810931790147
3,2,0.0
4,2,7276.309353613094
