uj,t,value
1,1,3188.9781034252874
2,1,3188.9781034252874
3,1,3001.7116594657855
4,1,3376.2445473847883
1,2,3188.9781034252874
2,2,3188.9781034252874
3,2,2517.4746295222485
4,2,3860.4815773283253
