uj,t,value
1,1,4777.068587266338
2,1,0.0
3,1,1356.0183352419044
4,1,6622.825491183893
1,2,4206.420692946602
2,2,0.0
3,2,1243.2512879906844
4,2,7306.240432763843
