uj,t,value
1,1,5514.017946219162
2,1,619.0689762891061
3,1,0.0
4,1,6622.825491192882
1,2,4879.026707642553
2,2,570.6452732947528
3,2,0.0
4,2,7306.240432763843
