uj,t,value
1,1,4275.87999364095
2,1,1163.4223382564594
3,1,693.784590610862
4,1,6622.825491192877
1,2,3737.7361610530443
2,2,888.1391711330098
3,2,823.7966487512504
4,2,7306.240432763843
