uj,t,value
1,1,4894.948969930061
2,1,1238.1379525782115
3,1,0.0
4,1,6622.825491192876
1,2,4308.381434347778
2,2,1141.2905465895064
3,2,0.0
4,2,7306.240432763843
