uj,t,value
1,1,3188.9781034252874
2,1,3188.9781034252874
3,1,2382.642683176678
4,1,3995.313523673896
1,2,3188.9781034252874
2,2,3188.9781034252874
3,2,1946.8293562274948
4,2,4431.126850623079
