uj,t,value
1,1,4275.879993640951
2,1,1163.422338256776
3,1,693.7845906105465
4,1,6622.825491192876
1,2,3737.736161053045
2,2,888.1391711326876
3,2,823.7966487515735
4,2,7306.240432763843
