uj,t,value
1,1,4777.068587266361
2,1,0.0
3,1,1356.018335241888
4,1,6622.8254911718495
1,2,4206.420692946573
2,2,0.0
3,2,1243.2512879907076
4,2,7306.240432763843
