uj,t,value
1,1,3188.9781034252874
2,1,3188.9781034252874
3,1,1144.5047305984635
4,1,5233.45147625211
1,2,3188.9781034252874
2,2,3188.9781034252874
3,2,805.5388096379884
4,2,5572.417397212587
