uj,t,value
1,1,4275.8799630969925
2,1,1163.4223688007487
3,1,693.7845906105287
4,1,6622.825491192877
1,2,3737.7361610530443
2,2,888.1391711327158
3,2,823.7966487515444
4,2,7306.240432763843
