uj,t,value
1,1,4777.068599587782
2,1,0.0
3,1,1356.0183229204906
4,1,6622.825491192877
1,2,4236.351772097363
2,2,0.0
3,2,1243.251287990711
4,2,7276.309353613075
