uj,t,value
1,1,4894.9489699300575
2,1,1238.1379525782136
3,1,0.0
4,1,6622.825491192877
1,2,4308.381434347777
2,2,1141.2905465895064
3,2,0.0
4,2,7306.240432763843
