uj,t,value
1,1,4777.068599588585
2,1,-1.8775381249724887e-9
3,1,1356.018322921565
4,1,6622.825491192877
1,2,4206.420692946588
2,2,0.0
3,2,1243.2512879907154
4,2,7306.240432763846
