uj,t,value
1,1,4275.879993640946
2,1,1857.206928867322
3,1,0.0
4,1,6622.825491192882
1,2,3737.7361610530443
2,2,1711.935819884262
3,2,0.0
4,2,7306.240432763843
