uj,t,value
1,1,4777.068599587762
2,1,0.0
3,1,1356.01832292051
4,1,6622.825491192877
1,2,4236.351772097381
2,2,0.0
3,2,1243.251287990695
4,2,7276.309353613073
