i,coord,value
1,1,2.007222953877056
2,1,1.9733969598208254
1,2,0.6164612363137432
2,2,2.120755136815452
