j,coord,value
1,1,1.3983216556887381
2,1,1.4095653226685667
3,1,2.4286699513851913
4,1,0.2311082458400362
1,2,0.8827090851966672
2,2,0.6308489078738777
3,2,2.4786281691888346
4,2,0.22346461736209555
