j,coord,value
1,1,2.116277662146506
2,1,0.43503791867357
3,1,2.451469078918054
4,1,1.818414210960686
1,2,3.148877176383533
2,2,1.5403731975173995
3,2,2.252112021501941
4,2,3.6435409357005715
