i,coord,value
1,1,1.2704570048161534
2,1,1.6004404441934088
1,2,0.8990862544299916
2,2,3.3242460908543574
