j,coord,value
1,1,2.749448559194196
2,1,3.9187684857399203
3,1,1.822161522149662
4,1,1.2845255418668913
1,2,2.249218392862376
2,2,2.602009558225988
3,2,1.700354931939407
4,2,2.541913954837727
