i,coord,value
1,1,2.8607000150862145
2,1,2.6739146444243658
1,2,0.12448622306093138
2,2,2.0583885061904037
