j,coord,value
1,1,0.24575305129740999
2,1,3.982120715391658
3,1,2.5580315529927966
4,1,3.3360873335680554
1,2,3.6679417065299207
2,2,1.4030548916089387
3,2,0.3050605260119852
4,2,1.2243149170220344
