i,coord,value
1,1,2.3372556679232463
2,1,2.6569746061170187
1,2,0.701430545412562
2,2,3.9515384270500213
