j,coord,value
1,1,1.7200006792275162
2,1,3.285190278971033
3,1,2.0379213311794926
4,1,1.3159138654082199
1,2,3.3096454963846105
2,2,2.8644711562848597
3,2,3.786960503530738
4,2,0.8190550431247385
