i,coord,value
1,1,1.6387372600766397
2,1,2.1214488707084715
1,2,0.6836306214567804
2,2,2.2534655437818913
