i,coord,value
1,1,1.6056694008238603
2,1,2.807666193129676
1,2,1.0637394491034922
2,2,3.3432301753049645
