j,coord,value
1,1,3.521971446376469
2,1,2.2902507686265867
3,1,0.15073434902134863
4,1,0.0028136910694280814
1,2,2.7980595155784247
2,2,1.9390294480715777
3,2,2.7752783901994458
4,2,3.2726447683452666
