j,coord,value
1,1,1.9141828678290622
2,1,1.5275114721466454
3,1,3.679624909040703
4,1,2.246401737616495
1,2,3.809560857304728
2,2,1.1199578336359965
3,2,3.883283501987069
4,2,1.8314130011313585
