i,coord,value
1,1,1.2757631833371794
2,1,1.6138203062635341
1,2,1.67322763514275
2,2,3.934071301236
