i,coord,value
1,1,1.5885380047647395
2,1,1.5191295073433102
1,2,1.1902132754197265
2,2,2.9228222915067414
