j,coord,value
1,1,2.1234284822148752
2,1,1.4113594221718464
3,1,0.5740058568885211
4,1,1.301735677943836
1,2,1.825300863379598
2,2,0.38505081689025333
3,2,1.2889905201340892
4,2,3.3764980994602394
