i,coord,value
1,1,2.126171780077969
2,1,1.7110522158906372
1,2,0.9076384707948377
2,2,2.421573413986404
