j,coord,value
1,1,3.9029874539861
2,1,2.2751050556933197
3,1,3.385179680859708
4,1,2.4423918874176556
1,2,3.769658486377806
2,2,2.098386326487981
3,2,3.090789483632055
4,2,2.7160659879967217
