i,coord,value
1,1,1.7450784438187872
2,1,1.1851481569896496
1,2,0.6055717814717438
2,2,2.120259452920915
