i,coord,value
1,1,1.9998832839391356
2,1,1.1668675204873435
1,2,0.37787656140270265
2,2,3.674920438708452
