j,coord,value
1,1,3.900625472954353
2,1,1.2466564655627814
3,1,3.7590749416732283
4,1,0.46147659265494
1,2,2.961675969738731
2,2,0.23284913231708249
3,2,0.15790297993113445
4,2,2.7205011384037463
