i,coord,value
1,1,1.4489101171606575
2,1,1.6970476255749811
1,2,0.6823503722884308
2,2,3.1024408878810874
