j,coord,value
1,1,3.1531912089981393
2,1,1.4033857190529408
3,1,1.4736411714595188
4,1,0.1843095044677674
1,2,0.5175992975849169
2,2,2.771786568209125
3,2,1.2462494078374906
4,2,2.315990692629634
