j,coord,value
1,1,0.40731219695901855
2,1,2.7764467073362034
3,1,2.4690443662067736
4,1,2.004314797022764
1,2,3.8892295961779504
2,2,2.8606548237055196
3,2,3.658685450137119
4,2,2.628682125862955
