i,coord,value
1,1,2.550072001974555
2,1,1.391940176200228
1,2,1.5589685771344584
2,2,3.3800225374795
