j,coord,value
1,1,2.1412434443670727
2,1,0.5765828437631244
3,1,1.1780068062429154
4,1,0.4141808460051388
1,2,3.6030658105840323
2,2,3.4695981215778144
3,2,0.9942617587661218
4,2,1.8844988230385686
