i,coord,value
1,1,1.772507992197504
2,1,1.005494284149605
1,2,0.1390219918771407
2,2,3.719944397068471
