i,coord,value
1,1,1.2337893240132138
2,1,2.126232122813679
1,2,0.20363437956752595
2,2,3.6556517924064718
