j,coord,value
1,1,1.936724793535085
2,1,3.6199770520619685
3,1,0.2132441782369927
4,1,0.8856401708476382
1,2,1.4227742874297533
2,2,2.2704079936520865
3,2,0.808987431062985
4,2,3.0994270922769402
