uj,t,value
1,1,33935.9258320025
2,1,0.0018541616116090505
3,1,0.0
4,1,5149.1530606158885
1,2,22690.94116927439
2,2,14025.263057611344
3,2,3.446326757944643e-5
4,2,33994.49691864567
1,3,39691.15
2,3,0.0
3,3,124184.85312500001
4,3,50696.22187500016
1,4,3274.4
2,4,5513.962499999999
3,4,301.1812499999942
4,4,12966.306250000005
