uj,t,value
1,1,31876.263866091493
2,1,0.0
3,1,0.0
4,1,7208.816880688504
1,2,22690.940894894884
2,2,17677.66281138432
3,2,1957.7086811878055
4,2,28384.38879223295
1,3,39691.149999401125
2,3,109487.12687176769
3,3,11750.891877906588
4,3,53643.0562509235
1,4,3274.4
2,4,5513.9625
3,4,1731.413749999996
4,4,11536.073750000001
