uj,t,value
1,1,16547.280746779994
2,1,0.0
3,1,930.05
4,1,21607.75
1,2,22690.94117000001
2,2,18732.66487346548
3,2,0.0
4,2,29287.095136234515
1,3,39691.1499998144
2,3,4.805867592980279e-11
3,3,39839.87500070384
4,3,135041.19999948083
1,4,0.0
2,4,7375.25
3,4,14680.6
4,4,0.0
