uj,t,value
1,1,37025.41878086899
2,1,0.0
3,1,0.0
4,1,2059.6619659110074
1,2,22690.94116963036
2,2,5610.105259220636
3,2,3.9918496599639194e-10
4,2,42409.654750849906
1,3,39691.15
2,3,114856.09988449082
3,3,8.224741031881423e-5
4,3,60024.97503326183
1,4,3274.4
2,4,4811.9
3,4,0.0
4,4,13969.55
