uj,t,value
1,1,0.0
2,1,37.333916014848235
3,1,1689.430260831387
4,1,211.21546601376494
1,2,14132.6374989
2,2,16289.080013099921
3,2,28856.197987420688
4,2,12114.900095179377
1,3,22158.018755089233
2,3,61729.90624978619
3,3,101301.7937489934
4,3,61729.906246131206
1,4,5888.137500000001
2,4,3165.2874999999985
3,4,10641.181249999998
4,4,6564.86875
