uj,t,value
1,1,32906.09484904701
2,1,0.0
3,1,0.0
4,1,6178.985897702174
1,2,22690.94117000001
2,2,16830.31559086748
3,2,0.00011773251763557082
4,2,31189.444301099997
1,3,39691.15
2,3,4402.028749999983
3,3,116835.99
4,3,53643.05624999995
1,4,3274.4
2,4,5513.9625000000015
3,4,1016.2974999999933
4,4,12251.190000000002
