uj,t,value
1,1,16547.280746779987
2,1,0.0
3,1,930.0500000000002
4,1,21607.750000000007
1,2,22690.94117000001
2,2,18732.66487346548
3,2,0.0
4,2,29287.095136234515
1,3,39691.15
2,3,0.0
3,3,39839.87500000005
4,3,135041.2
1,4,0.0
2,4,6660.133750000023
3,4,14680.6
4,4,715.1162499999928
