uj,t,value
1,1,0.0
2,1,12.445
3,1,1668.942062476379
4,1,256.592580383621
1,2,12615.626543220542
2,2,20460.427501500002
3,2,26203.234169379448
4,2,12113.527380499998
1,3,39639.403743587376
2,3,71981.28749758723
3,3,40054.12500854317
4,3,95244.80875027901
1,4,2035.8849999999993
2,4,6564.868750000001
3,4,11093.852499999997
4,4,6564.86875
