uj,t,value
1,1,30846.432883135985
2,1,0.0
3,1,0.0
4,1,8238.647863644012
1,2,22690.94117000002
2,2,17677.675294925008
3,2,4762.7456498749925
4,2,25579.33906489998
1,3,39691.1499994555
2,3,102138.26374869002
3,3,19099.75500136247
4,3,53643.056250489666
1,4,3274.4
2,4,5513.962499999999
3,4,2446.529999999997
4,4,10820.9575
