j,coord,value
1,1,3.1142978568662762
2,1,1.6127005670306271
3,1,3.301989639051745
4,1,3.5501006136054807
1,2,1.8799311888770438
2,2,0.3869502661442228
3,2,0.7862423723562237
4,2,2.8982954447683533
