i,coord,value
1,1,1.2064944882426378
2,1,1.3101250903888761
1,2,0.1281154880839781
2,2,2.11798308477645
