i,coord,value
1,1,1.2552374267269322
2,1,2.9319558596876174
1,2,1.6317624949482605
2,2,2.4914709667913515
