j,coord,value
1,1,1.1073824704168236
2,1,2.112280459782821
3,1,0.21106957881158106
4,1,3.5522971913717116
1,2,1.9343125617688202
2,2,3.5161276720626082
3,2,3.7793986998026137
4,2,1.0483209819914756
