i,coord,value
1,1,1.8871907275610307
2,1,1.516548429902766
1,2,1.8283069212256013
2,2,2.2191614537873576
