j,coord,value
1,1,1.3488355825020912
2,1,1.1808863477566178
3,1,1.9689250027666318
4,1,0.7848747688844857
1,2,3.2447032923628742
2,2,3.978888263294074
3,2,0.9929816878205426
4,2,0.5342815695913559
