i,coord,value
1,1,1.9767045917842954
2,1,2.864728648780698
1,2,1.8540439190521436
2,2,2.2527598859528375
