i,coord,value
1,1,1.2630272822770556
2,1,2.1040584523861865
1,2,1.5311607623943153
2,2,2.9205172341683427
