j,coord,value
1,1,0.35678963233107464
2,1,2.9843430134066384
3,1,0.48428991478511385
4,1,1.749362920207207
1,2,3.389704480384542
2,2,0.38522611343367075
3,2,0.5571988858976429
4,2,3.3290894610850836
