i,coord,value
1,1,1.8048958642459745
2,1,1.3101492117084903
1,2,0.14278274268407443
2,2,2.851317508400066
