j,coord,value
1,1,0.19481617289202147
2,1,2.7646859558284955
3,1,0.5051371191648335
4,1,3.3097949784029925
1,2,3.7445713924253083
2,2,3.0970866627344615
3,2,3.4063304600903117
4,2,1.0374697700208375
