i,coord,value
1,1,2.59380150332497
2,1,1.8597831975565817
1,2,1.5773765352196494
2,2,3.229547709730626
