j,coord,value
1,1,1.3275858656678494
2,1,1.0099536483770444
3,1,1.7786521343879635
4,1,1.7587392523843794
1,2,2.1581820032012637
2,2,0.6092493781337947
3,2,0.5878163154101217
4,2,1.0082342374255293
