i,coord,value
1,1,1.717725255394955
2,1,2.156888898873442
1,2,1.1490445733324093
2,2,2.587134202492796
