j,coord,value
1,1,3.4394896234749104
2,1,1.184414697386417
3,1,0.38445805441567726
4,1,1.7571928474507033
1,2,0.6659319864101589
2,2,2.526926782177408
3,2,0.9724668981746407
4,2,0.6996583417151836
