j,coord,value
1,1,1.8098271804669008
2,1,0.4745781866449237
3,1,1.0111064865567116
4,1,3.07279991900797
1,2,1.833252575802769
2,2,1.4140255664370165
3,2,1.3426630347030306
4,2,2.8735599452659653
