i,coord,value
1,1,2.063491893766514
2,1,2.2442219724976535
1,2,1.2084544578782677
2,2,2.706300373471603
