j,coord,value
1,1,1.7929291342389897
2,1,0.4020562924002613
3,1,2.1708818764666153
4,1,3.1650447736954934
1,2,3.1802217307822422
2,2,3.3666065610393803
3,2,0.8774456353666911
4,2,2.612414270484499
