i,coord,value
1,1,2.9550852338279574
2,1,1.505291347856125
1,2,0.4594120119365068
2,2,3.4227053217507155
