j,coord,value
1,1,3.250436638059384
2,1,2.379967847775546
3,1,3.95516547549959
4,1,0.8966497861380502
1,2,3.00730807939415
2,2,0.16428001380597257
3,2,2.588354471168646
4,2,3.68714434952862
