i,coord,value
1,1,2.6470702073085604
2,1,1.1922580576483424
1,2,1.7006469135949462
2,2,3.064373866227355
