j,coord,value
1,1,2.482149735563278
2,1,0.2225462981183548
3,1,2.580251146303548
4,1,3.060903599950735
1,2,0.6380109660529887
2,2,2.4591414998638625
3,2,1.427691455381206
4,2,1.6864954491493158
