i,coord,value
1,1,1.5877877227203077
2,1,1.152137907563105
1,2,1.058276818527783
2,2,2.885512618124848
