i,coord,value
1,1,1.4092063620873136
2,1,2.123538979027553
1,2,0.1336237958700286
2,2,3.4203831362243307
