j,coord,value
1,1,2.9506772185992256
2,1,2.3260912749181837
3,1,1.5719533010046152
4,1,0.8611893444265952
1,2,1.1182233917815783
2,2,2.6724352526342408
3,2,3.4877787089116485
4,2,3.848896138970357
