i,coord,value
1,1,1.8391405807450003
2,1,1.7394053757617716
1,2,0.5197600668084952
2,2,3.826682379303649
