j,coord,value
1,1,3.5975591137050245
2,1,1.7089792631494776
3,1,0.04790205682101334
4,1,3.7201536307444245
1,2,1.3871818077134819
2,2,1.8864531736100605
3,2,2.7557269664322184
4,2,0.7370532085824886
