i,coord,value
1,1,1.6320540872485396
2,1,2.5592588524607516
1,2,0.3955134586711435
2,2,3.6966671220628458
