j,coord,value
1,1,0.06931386592077127
2,1,1.5820858486740388
3,1,3.8201361218432313
4,1,3.115705062617107
1,2,3.7716807031631667
2,2,0.6906808932344579
3,2,3.302401986214782
4,2,3.0239791993703364
