j,coord,value
1,1,0.6764417931861297
2,1,3.571554900792821
3,1,0.5407170968455772
4,1,2.7996091228422415
1,2,2.0567522529297526
2,2,2.8950566764852295
3,2,2.2240354682545433
4,2,0.08841992537049892
