i,coord,value
1,1,1.2817234160330384
2,1,2.7520540194562884
1,2,1.5689059133876893
2,2,3.0876604341153344
