i,coord,value
1,1,1.4231948032848538
2,1,2.5297019814777437
1,2,1.831642189844158
2,2,3.8769414058172513
