j,coord,value
1,1,2.7431842683563934
2,1,0.8711568811951227
3,1,1.3111390634796205
4,1,3.1273798774341834
1,2,0.07083881509984868
2,2,1.160379659213643
3,2,0.9113437278591929
4,2,3.6678416085631587
