j,coord,value
1,1,2.691701929149761
2,1,3.779570536686022
3,1,0.35758745696340366
4,1,3.45965531199463
1,2,0.7176901129996556
2,2,1.879359816225616
3,2,0.6520629912337235
4,2,0.4894943627263668
