i,coord,value
1,1,1.5746562276234854
2,1,2.965362630155787
1,2,0.5197416379925572
2,2,2.67048250320937
