j,coord,value
1,1,2.0885522191467403
2,1,1.7608685808877853
3,1,3.2692209397795513
4,1,3.621153928780862
1,2,3.2554074148078223
2,2,3.8094096440894725
3,2,2.597250952163387
4,2,0.8616330540230548
