i,coord,value
1,1,1.719578300603703
2,1,2.746915565958851
1,2,1.356661953437604
2,2,2.0334950010341357
