j,coord,value
1,1,0.4516873170091169
2,1,3.0270986003621982
3,1,0.31820859327400486
4,1,1.8972390308046436
1,2,2.172199203638753
2,2,2.503307013012782
3,2,0.9102327122094991
4,2,2.187389247313268
