i,coord,value
1,1,2.3720956691619155
2,1,2.853514366381944
1,2,0.3923811886144817
2,2,3.070511664937283
