j,coord,value
1,1,3.1764031492106897
2,1,0.9414551900107497
3,1,1.341946942562544
4,1,0.31177775875641744
1,2,0.8402427707152067
2,2,0.3442716602686273
3,2,2.0495659562861364
4,2,1.8310103972707337
