i,coord,value
1,1,2.204168168019512
2,1,2.5776446283897037
1,2,0.21135210652177938
2,2,2.705197179682883
