j,coord,value
1,1,1.8560145520522795
2,1,0.33956534401037164
3,1,0.8615991726493948
4,1,1.176784740665986
1,2,1.6208294972713366
2,2,0.5084867505377395
3,2,1.9695670370390315
4,2,3.5148083879932295
