i,coord,value
1,1,1.9162412680263998
2,1,2.2474877302450915
1,2,1.2332070329912512
2,2,2.57691574758393
