i,coord,value
1,1,1.96014068817291
2,1,1.4548484184208688
1,2,0.808401985255411
2,2,2.381998024099455
