j,coord,value
1,1,1.906787665192037
2,1,2.047523487089433
3,1,0.8635038442756269
4,1,1.553537642481262
1,2,1.8918639500636685
2,2,0.6681671191055836
3,2,1.3004647742820894
4,2,1.955948589653251
