j,coord,value
1,1,0.37632993751967936
2,1,1.1248264165985131
3,1,2.9103581228997744
4,1,2.5703814278440356
1,2,1.3998073881436572
2,2,0.3688610978250466
3,2,1.8124451602290073
4,2,2.4604728830138805
