i,coord,value
1,1,1.1413694688507414
2,1,1.1556257903988203
1,2,1.2344529745396768
2,2,3.1764564436336427
