j,coord,value
1,1,3.6655041508978465
2,1,3.0668227236871166
3,1,3.259454217169847
4,1,2.620108054319994
1,2,0.48098185805322835
2,2,2.2551447023091153
3,2,3.359419930188602
4,2,2.7724111258071407
