j,coord,value
1,1,3.960180905211427
2,1,1.3214445073511842
3,1,1.7780715995255054
4,1,2.2996366902418726
1,2,2.8651143270610286
2,2,0.6083478925086738
3,2,0.35895025767644073
4,2,0.15850414490846587
