i,coord,value
1,1,1.130389117436169
2,1,1.6116190133008546
1,2,1.1213309272074212
2,2,2.1660834997570153
