i,coord,value
1,1,2.657575961846883
2,1,2.6754377612246434
1,2,1.7831806877382015
2,2,3.2965586984770496
