j,coord,value
1,1,0.5568688054406081
2,1,1.9488511388781395
3,1,0.8695302630712618
4,1,1.8531103320734261
1,2,0.30526953397699774
2,2,3.6387602059393838
3,2,1.0856992274140636
4,2,3.8943872576210876
