i,coord,value
1,1,1.1592758882824288
2,1,1.5345281844559542
1,2,1.4756870685543206
2,2,3.1828145894983617
