j,coord,value
1,1,2.557558583979867
2,1,2.595211689764474
3,1,3.2992576110862313
4,1,0.3068868017769808
1,2,2.0354400099052636
2,2,2.166595114322819
3,2,0.19512357962332016
4,2,0.4363453624533169
