j,coord,value
1,1,2.5122328795645728
2,1,2.3571278411342744
3,1,0.09318231660387521
4,1,0.8208702125349854
1,2,0.8937800553607902
2,2,3.5605614101373226
3,2,3.718313096810886
4,2,3.7872460978781843
