i,coord,value
1,1,2.6075743422518247
2,1,1.0974845827520912
1,2,1.7492569968250047
2,2,3.213849425464409
