j,coord,value
1,1,1.3317686783943237
2,1,1.5507493341202259
3,1,2.965562841496279
4,1,0.7814453979006899
1,2,0.6083736873767172
2,2,0.15132510101221985
3,2,2.7569627312541374
4,2,0.2574238153685151
