i,coord,value
1,1,1.9796994561643741
2,1,2.9094491863622625
1,2,1.4611493839698453
2,2,2.4923709423893436
