i,coord,value
1,1,2.438428965549388
2,1,2.994551797081804
1,2,1.8492160953760317
2,2,3.20556000340663
