j,coord,value
1,1,3.470588115593356
2,1,3.5438845163604014
3,1,0.6487212688019159
4,1,0.36169766979638274
1,2,0.8900824763208974
2,2,3.970936801249108
3,2,0.9467041246922494
4,2,3.6456171564161988
