i,coord,value
1,1,1.0892444443858196
2,1,1.5274434828723518
1,2,0.23356809631082442
2,2,3.558438013357583
