j,coord,value
1,1,1.282832832758971
2,1,2.8088827324138093
3,1,2.24176345307852
4,1,0.17624467928505894
1,2,1.4027156371833414
2,2,2.287618182812673
3,2,0.9499487581163355
4,2,1.6602904125899496
