i,coord,value
1,1,1.2240269815294977
2,1,1.533432091758254
1,2,0.6115513555550347
2,2,3.8488796074433917
