j,coord,value
1,1,3.8304182147203245
2,1,3.6640313017036914
3,1,3.7060743467882147
4,1,3.737307231715342
1,2,3.4149786571014134
2,2,0.04520822466733687
3,2,0.6372616430749738
4,2,1.0347643629185659
