i,coord,value
1,1,2.2379630147575367
2,1,2.12004246730337
1,2,1.2810923675628072
2,2,2.395603253585336
