j,coord,value
1,1,0.5251667341164836
2,1,1.059897089384187
3,1,3.128676570228688
4,1,3.369823911408964
1,2,0.5681792071040261
2,2,2.3707097834379716
3,2,1.0192978191303763
4,2,0.6843218460497824
