j,coord,value
1,1,3.1624599291637545
2,1,2.6132395337074206
3,1,1.9211703516110004
4,1,3.7603735332455623
1,2,2.863188798633782
2,2,0.9666200280758739
3,2,2.1165466633774153
4,2,0.7884369707739292
