i,coord,value
1,1,2.575264829667847
2,1,1.0552382680058867
1,2,0.5915970180288042
2,2,2.027589198661314
