i,coord,value
1,1,2.253390340961622
2,1,1.080058427967979
1,2,1.8711490894011606
2,2,3.1563824309484136
