j,coord,value
1,1,3.426348582476953
2,1,1.9753176157501633
3,1,2.26257690352822
4,1,3.0615134787718663
1,2,3.250267837438276
2,2,1.4313143089862481
3,2,0.7058747988962883
4,2,1.1678690687820836
