i,coord,value
1,1,2.4519284051243755
2,1,2.883811102450566
1,2,1.8617075137326857
2,2,2.5932220752666426
