j,coord,value
1,1,3.4332462464958535
2,1,1.2318589603845544
3,1,0.5110913932459988
4,1,2.582532455441642
1,2,0.16884336019591606
2,2,1.2735340116355003
3,2,1.6345664898432926
4,2,1.8996794630087495
