j,coord,value
1,1,2.735845934602869
2,1,1.1435122107008109
3,1,2.530047270206238
4,1,0.5701151318636608
1,2,2.5097213612701474
2,2,0.3173735491384999
3,2,0.6042560722162222
4,2,3.990050665241433
