i,coord,value
1,1,1.8511688781938258
2,1,1.0646856493129644
1,2,0.24822463130050543
2,2,2.4716576696883257
