i,coord,value
1,1,2.85610465132463
2,1,1.4444731804782196
1,2,0.957682248437389
2,2,3.240468027809819
