j,coord,value
1,1,0.16384343568332316
2,1,0.40218019121336823
3,1,0.2156578582942239
4,1,3.0081263225861377
1,2,3.8230514201483032
2,2,1.7998121657341248
3,2,2.860351438638872
4,2,2.7753975006815828
