i,coord,value
1,1,1.9332030838639775
2,1,1.4987983234628193
1,2,1.0813354512084865
2,2,3.3314212190789947
