j,coord,value
1,1,1.8865194904983773
2,1,3.0856831664682582
3,1,1.540860752897268
4,1,2.774755924856672
1,2,1.1355329509137517
2,2,3.959238926752495
3,2,1.0087831959613887
4,2,0.6699109350255203
