i,coord,value
1,1,2.845204004100845
2,1,2.2870993753362483
1,2,0.1783553067160235
2,2,3.496521622458792
