j,coord,value
1,1,0.9404500233119721
2,1,3.6774898448155433
3,1,0.2959241720724841
4,1,3.196340799923812
1,2,2.814260166971485
2,2,3.6719055565123155
3,2,3.4495181370790755
4,2,3.9881106566143534
