i,coord,value
1,1,2.9616443611461296
2,1,1.004521859214428
1,2,1.3392099342607777
2,2,3.1964692176801752
