j,coord,value
1,1,2.0441624226141766
2,1,2.562160887414788
3,1,0.5521104223394158
4,1,1.9054755164434192
1,2,1.8571651252136574
2,2,1.5114274221811788
3,2,3.7639698630323197
4,2,1.0530115597691037
