i,coord,value
1,1,2.6097383796714713
2,1,2.446924233108251
1,2,1.2700723781431698
2,2,2.134087462184978
