j,coord,value
1,1,2.2503312061375524
2,1,1.80959445322291
3,1,0.2198353922491183
4,1,3.108055659267106
1,2,1.3426845506884502
2,2,0.5925194179903657
3,2,2.3527168037127826
4,2,3.4316786943774757
