j,coord,value
1,1,2.265251734831941
2,1,1.2864714574334397
3,1,0.8473453419544512
4,1,1.1095114439450504
1,2,1.5687454958301568
2,2,1.6859334322158053
3,2,2.3776079546627154
4,2,2.7891926802155527
