i,coord,value
1,1,2.369633980626955
2,1,2.3563591543136306
1,2,0.31279352991219844
2,2,3.9402102170628956
