j,coord,value
1,1,3.50180492838322
2,1,3.1050167893495795
3,1,1.7784833589963451
4,1,0.8876038721568205
1,2,2.1395758990441736
2,2,2.148597940041529
3,2,3.394078977574013
4,2,3.171595599813689
