j,coord,value
1,1,1.8144635874925408
2,1,2.1863008765880667
3,1,1.6728905234127573
4,1,2.653077606973868
1,2,3.725083124802184
2,2,3.094505950230976
3,2,3.2180763546869047
4,2,3.035507766025012
