i,coord,value
1,1,2.4111368921283396
2,1,1.4888052940619074
1,2,0.8767319299709047
2,2,2.588947066115974
