i,coord,value
1,1,1.264212304073689
2,1,1.4784547530611358
1,2,0.20269203408693692
2,2,2.9468163754594086
