j,coord,value
1,1,0.06610209782192067
2,1,3.983617384149081
3,1,0.0668358548361021
4,1,3.5956090031319645
1,2,2.389413912062652
2,2,2.825949990423722
3,2,1.2067419776046497
4,2,3.0206953253347635
