i,coord,value
1,1,2.0463722704795257
2,1,1.7498087767471955
1,2,0.9677321256642526
2,2,2.909703011699307
