j,coord,value
1,1,1.1003681597485806
2,1,1.369675705691007
3,1,2.793575454456253
4,1,2.910961653477969
1,2,3.5278277288104536
2,2,2.275171877919784
3,2,2.497250863541828
4,2,3.1632158103115984
