j,coord,value
1,1,2.892784418161288
2,1,0.023112184014471016
3,1,1.06249852781673
4,1,1.195269580202249
1,2,3.848794176648727
2,2,0.03173201895376998
3,2,0.4611091903453808
4,2,2.846273346909965
