i,coord,value
1,1,1.559903165324723
2,1,1.6874819274542294
1,2,1.643641938827005
2,2,2.936527794612946
