i,coord,value
1,1,2.485300694134584
2,1,1.3253827576704773
1,2,1.5754729343774996
2,2,2.1371357471681205
