j,coord,value
1,1,3.8093776348752075
2,1,0.4863756378731252
3,1,2.7459826049384284
4,1,3.8217574792766076
1,2,0.34624992759282813
2,2,2.50573381208683
3,2,3.51642036883101
4,2,3.8885969777546454
