j,coord,value
1,1,2.921551717643995
2,1,0.16129111765817017
3,1,2.955350879497062
4,1,3.5917159724515213
1,2,0.6577101497591333
2,2,1.360070881189038
3,2,3.4283489433081686
4,2,2.041361791068269
