i,coord,value
1,1,1.4407268642054814
2,1,2.1008065648987295
1,2,0.6563408211215398
2,2,3.017073066797562
