j,coord,value
1,1,1.3120262290536897
2,1,3.817194714654498
3,1,0.9324950625363875
4,1,2.2322502539918854
1,2,1.388237945512444
2,2,1.019257516354001
3,2,1.8590966132843123
4,2,1.5343283149199736
