i,coord,value
1,1,1.0498383481098694
2,1,1.299597762911479
1,2,1.096179950852651
2,2,2.2539474676816074
