j,coord,value
1,1,3.4499314760608715
2,1,1.6929785064286653
3,1,2.161151275539109
4,1,2.0684501797413186
1,2,2.3182124044158927
2,2,0.3233305943497147
3,2,3.96604197623838
4,2,3.2319089028190673
