j,coord,value
1,1,1.783894443500973
2,1,0.746019778689309
3,1,2.917391160542337
4,1,3.8576215814947616
1,2,1.5408409316828013
2,2,3.236403784930795
3,2,3.8537725494429704
4,2,2.64268501747901
