i,coord,value
1,1,2.8645084859142207
2,1,2.296733235615224
1,2,0.7258765896133041
2,2,3.9081402270606844
