i,coord,value
1,1,1.2505496034502444
2,1,2.033714632994844
1,2,1.6857089017532325
2,2,2.120310665791293
