j,coord,value
1,1,3.0764919916906943
2,1,1.6364563386799746
3,1,1.1427766474105092
4,1,2.9374956402662056
1,2,1.1814678784736552
2,2,3.2911848313933967
3,2,3.8699084412117313
4,2,0.4081008650901281
