i,coord,value
1,1,2.806696020905483
2,1,2.343243847370776
1,2,1.7327744215851497
2,2,2.3931636804414453
