j,coord,value
1,1,1.4616364658506171
2,1,2.2939782029385585
3,1,2.913186986781452
4,1,0.8348768595576499
1,2,2.949416763896726
2,2,0.8181457857588197
3,2,3.3254417635328073
4,2,3.6909015834716636
