j,coord,value
1,1,1.7431632841994666
2,1,1.7420716141036094
3,1,0.3318511313360961
4,1,2.8580461779154476
1,2,0.11568162773576995
2,2,1.8313359760128836
3,2,2.4756372480782254
4,2,2.4442025795503666
