i,coord,value
1,1,2.852914235128865
2,1,1.0418043801483452
1,2,1.8918538573969825
2,2,3.4193284098224708
