i,coord,value
1,1,2.8806533988415968
2,1,1.166330618248746
1,2,0.17827835892649135
2,2,3.490517575130019
