j,coord,value
1,1,2.7560535986030854
2,1,1.6687113473287667
3,1,1.4384084845449796
4,1,3.7499339945888033
1,2,0.8206951950102201
2,2,1.11441737860935
3,2,0.5314564925862255
4,2,1.5101324746127784
