i,coord,value
1,1,2.450666756819831
2,1,2.5989046728274934
1,2,1.4417899200401574
2,2,2.0192079570754373
