j,coord,value
1,1,2.898788111438431
2,1,1.5445475941773918
3,1,3.696399921741647
4,1,1.7399354455231952
1,2,0.8252914006503529
2,2,0.32292340064071867
3,2,0.3712413883555361
4,2,1.7364736288009226
