j,coord,value
1,1,0.8625610626433708
2,1,0.14177048851022755
3,1,2.7275255137125907
4,1,2.7842987587944124
1,2,3.436887166241643
2,2,3.97051030577899
3,2,0.8091311665763858
4,2,0.8737535266220853
