i,coord,value
1,1,1.827111259950337
2,1,1.0678839632837795
1,2,1.7992709185717266
2,2,3.7178006518056215
