j,coord,value
1,1,1.5470143723106178
2,1,1.4850037118186146
3,1,0.9867042147547309
4,1,3.543235373597581
1,2,2.3413702532936393
2,2,1.7722059811135358
3,2,0.2999606813192597
4,2,0.5419288614387994
