uj,t,value
1,1,1909.7201057087814
2,1,3188.9781034252874
3,1,3188.9781034252874
4,1,4468.2361011417925
1,2,0.0
2,2,2894.1477701430617
3,2,3188.9781034252874
4,2,6672.786540132801
