uj,t,value
1,1,0.0
2,1,694.09674925934
3,1,7379.111679339072
4,1,4682.703985102738
1,2,0.0
2,2,0.0
3,2,0.0
4,2,12755.91241370115
