uj,t,value
1,1,0.0
2,1,2549.3491045670344
3,1,5523.859324031377
4,1,4682.703985102738
1,2,0.0
2,2,0.0
3,2,3041.562936784182
4,2,9714.349476916967
