uj,t,value
1,1,0.0
2,1,694.0967492593409
3,1,7379.111679339071
4,1,4682.703985102738
1,2,0.0
2,2,0.0
3,2,2349.748796392214
4,2,10406.163617308935
