uj,t,value
1,1,0.0
2,1,1019.7396418268136
3,1,7053.4687867715975
4,1,4682.703985102738
1,2,0.0
2,2,0.0
3,2,1216.6251747136826
4,2,11539.287238987466
