uj,t,value
1,1,0.0
2,1,694.09674925934
3,1,7379.111679339072
4,1,4682.703985102738
1,2,0.0
2,2,0.0
3,2,-1.6370904631912708e-11
4,2,12755.912413701166
