uj,t,value
1,1,1.1368683772161603e-12
2,1,2039.479283653627
3,1,6033.729144944781
4,1,4682.70398510274
1,2,0.0
2,2,0.0
3,2,3497.414237990677
4,2,9258.498175710472
