uj,t,value
1,1,0.0
2,1,2039.4792836536274
3,1,6033.729144944782
4,1,4682.70398510274
1,2,0.0
2,2,0.0
3,2,2433.2503494273496
4,2,10322.6620642738
