uj,t,value
1,1,0.0
2,1,1019.7396418268125
3,1,7053.468786771596
4,1,4682.70398510274
1,2,0.0
2,2,0.0
3,2,1216.6251747136848
4,2,11539.287238987465
