uj,t,value
1,1,0.0
2,1,2039.479283653628
3,1,6033.729144944783
4,1,4682.703985102738
1,2,0.0
2,2,0.0
3,2,2433.2503494273487
4,2,10322.662064273802
