uj,t,value
1,1,2193.224466549437
2,1,0.0
3,1,7379.111679339071
4,1,3183.5762678126416
1,2,0.0
2,2,0.0
3,2,1553.5456304853835
4,2,11202.366783215766
