uj,t,value
1,1,380.1106429685615
2,1,3188.9781034252874
3,1,4504.119682204562
4,1,4682.703985102738
1,2,0.0
2,2,1069.2100080725613
3,2,3188.9781034252874
4,2,8497.7243022033
