uj,t,value
1,1,0.0
2,1,1529.6094627402208
3,1,6543.598965858191
4,1,4682.703985102738
1,2,0.0
2,2,0.0
3,2,3497.414237990679
4,2,9258.49817571047
