uj,t,value
1,1,0.0
2,1,2258.6299416936154
3,1,7379.111679339071
4,1,3118.170792668463
1,2,0.0
2,2,0.0
3,2,999.0175128885137
4,2,11756.894900812636
