uj,t,value
1,1,0.0
2,1,694.09674925934
3,1,7379.111679339069
4,1,4682.70398510274
1,2,0.0
2,2,0.0
3,2,54.41791319528511
4,2,12701.494500505865
