uj,t,value
1,1,0.0
2,1,2258.629941693604
3,1,7379.111679339071
4,1,3118.1707926684744
1,2,0.0
2,2,0.0
3,2,999.017512888493
4,2,11756.894900812655
