uj,t,value
1,1,0.0
2,1,2258.6299417568744
3,1,7379.111679339071
4,1,3118.1707926052036
1,2,1139.1336810373723
2,2,0.0
3,2,4146.543149065738
4,2,7470.235583598038
