uj,t,value
1,1,2193.2244665494304
2,1,0.0
3,1,7379.111679339071
4,1,3183.576267812648
1,2,0.0
2,2,0.0
3,2,1553.5456304853763
4,2,11202.366783215773
