uj,t,value
1,1,0.0
2,1,2039.479283653625
3,1,6033.729144944781
4,1,4682.70398510274
1,2,0.0
2,2,0.0
3,2,2433.2503494273487
4,2,10322.6620642738
