uj,t,value
1,1,0.0
2,1,3059.2189254804416
3,1,5013.989503117969
4,1,4682.703985102738
1,2,0.0
2,2,460.897420715728
3,2,3188.9781034252874
4,2,9106.036889560133
