uj,t,value
1,1,0.0
2,1,2549.349104567032
3,1,5523.859324031375
4,1,4682.70398510274
1,2,0.0
2,2,0.0
3,2,3041.5629367841825
4,2,9714.349476916967
