uj,t,value
1,1,1399.8502847953741
2,1,3188.9781034252874
3,1,3484.380040377745
4,1,4682.703985102742
1,2,0.0
2,2,2285.835182786229
3,2,3188.9781034252874
4,2,7281.099127489633
