uj,t,value
1,1,0.0
2,1,694.0967492593381
3,1,7379.11167933907
4,1,4682.70398510274
1,2,0.0
2,2,0.0
3,2,608.3125873568492
4,2,12147.5998263443
