i,coord,value
1,1,1.2080158865986503
2,1,2.189280906523087
1,2,0.1344472303156199
2,2,2.817538846031156
