j,coord,value
1,1,3.6857145095167265
2,1,1.5087468758539737
3,1,0.5847483409290168
4,1,0.3589337877971812
1,2,2.6872504681718787
2,2,2.424727164932931
3,2,2.0537634948685124
4,2,0.21727294418748766
