i,coord,value
1,1,1.3671026873657017
2,1,2.438414032305965
1,2,1.6106751776915311
2,2,3.7560165488674793
