i,coord,value
1,1,2.3955501605871365
2,1,2.600918801957124
1,2,0.5977446146397991
2,2,3.9118440510315606
