j,coord,value
1,1,2.961306587430148
2,1,2.6180228482313352
3,1,0.4714076006784582
4,1,0.498942906691183
1,2,1.3525585987287414
2,2,3.5909267384749004
3,2,1.1829205109289007
4,2,0.13409067696698296
