j,coord,value
1,1,3.4542170266473375
2,1,2.57388276508569
3,1,2.192724964383331
4,1,1.9589807379035884
1,2,0.41741906777821436
2,2,1.866330262058971
3,2,2.259525425348937
4,2,0.7048311080151808
