i,coord,value
1,1,2.6612147405051054
2,1,2.199709831456805
1,2,1.4074053911319657
2,2,3.8808665740777086
