i,coord,value
1,1,1.77670795399057
2,1,1.38490212375661
1,2,1.434083040408538
2,2,2.116826790851846
