j,coord,value
1,1,3.1725564410444846
2,1,2.908521152344792
3,1,3.99215600919931
4,1,3.9287794394968363
1,2,1.388309324250339
2,2,2.28442506943552
3,2,3.1370504940946984
4,2,1.3654277571621325
