j,coord,value
1,1,0.2579841550225366
2,1,3.7957549160314916
3,1,3.073296278805014
4,1,2.0363381849175486
1,2,0.06616028637435267
2,2,2.4492027429963477
3,2,3.4110403158970097
4,2,0.6045117622903118
