i,coord,value
1,1,1.9140045246381745
2,1,2.261976933447495
1,2,1.5855828751604013
2,2,2.471562377319022
