j,coord,value
1,1,3.713459224246466
2,1,2.3992381257176185
3,1,1.804728530532738
4,1,2.937693356187111
1,2,0.8929747554602114
2,2,0.8976868680654926
3,2,3.0495454672615105
4,2,0.8390342272621019
