i,coord,value
1,1,1.505760837253289
2,1,2.2209945498543693
1,2,0.8056994824625356
2,2,3.367402853276732
