i,coord,value
1,1,1.6961231583349337
2,1,2.322910162237621
1,2,0.17367178957379958
2,2,2.0083108266438208
