j,coord,value
1,1,1.8636894722582404
2,1,0.9635866469284347
3,1,1.111041261903162
4,1,0.7939908425388782
1,2,3.000666914353815
2,2,1.2926941966593017
3,2,2.844887575298034
4,2,0.18563578086442734
