i,coord,value
1,1,2.5939057307607927
2,1,2.6283993756059507
1,2,0.2616753072603417
2,2,2.8613789067642026
