j,coord,value
1,1,1.9037589365914043
2,1,1.1132944709796382
3,1,2.666380453420996
4,1,1.4074978025861236
1,2,1.1327089415801006
2,2,1.0358987896753646
3,2,0.49012766156508514
4,2,0.9937136909470303
