j,coord,value
1,1,3.8924377032753217
2,1,1.6932279275726363
3,1,2.4145411298163704
4,1,1.0759142454853667
1,2,1.7007017015142094
2,2,1.6450498203223343
3,2,0.9437399784905574
4,2,1.6314381396961681
