i,coord,value
1,1,2.639249593956733
2,1,1.189772243185705
1,2,1.5662581025298228
2,2,3.9898446290614995
