j,coord,value
1,1,1.49167900955048
2,1,2.2623261500921386
3,1,2.920531268426964
4,1,3.3881395178466134
1,2,1.6189023251721326
2,2,1.6250628897166322
3,2,0.8415629840472434
4,2,2.783161208864022
