i,coord,value
1,1,1.8996651898648598
2,1,2.1184656680223295
1,2,1.3292898346090107
2,2,2.8294321619801197
