j,coord,value
1,1,0.9569255700667809
2,1,3.6994938152394137
3,1,3.2534420216007383
4,1,0.10059190326152745
1,2,3.1055956107108726
2,2,1.3378841726591681
3,2,0.0810548818929786
4,2,0.49007236749649374
