i,coord,value
1,1,2.480094637860062
2,1,2.9553338609326296
1,2,0.7878243757257857
2,2,2.38427266731149
