i,coord,value
1,1,2.169145811280912
2,1,2.425651936450271
1,2,0.869395828229147
2,2,3.7020763525657268
