j,coord,value
1,1,0.7729271015555663
2,1,2.8384598420799216
3,1,3.9304717827155726
4,1,1.9388429113696124
1,2,1.894184420379367
2,2,0.9150810066471333
3,2,1.2772361483009065
4,2,2.1335945468402664
