j,coord,value
1,1,2.261227566556787
2,1,2.7856498569054615
3,1,1.2639521587489089
4,1,3.822335506933508
1,2,0.05606223142439326
2,2,2.516118780914311
3,2,3.2270110507328202
4,2,2.1885790093714372
