i,coord,value
1,1,1.7433214432466098
2,1,2.940177103187321
1,2,1.8133230075869746
2,2,3.727270055717467
