i,coord,value
1,1,2.744262360583608
2,1,1.1686639920040929
1,2,0.8539163565295831
2,2,2.8229985445875467
