j,coord,value
1,1,2.7522911990758545
2,1,2.9482660118592734
3,1,2.0003999709954425
4,1,1.1625158774994597
1,2,2.288547474213434
2,2,1.789721000413988
3,2,1.7608344594070213
4,2,2.3955556385786836
