j,coord,value
1,1,2.1911752606166206
2,1,3.027120138314361
3,1,0.8490719199271801
4,1,1.6102457569973434
1,2,3.2812762196931162
2,2,1.66812461029369
3,2,3.7581565197729603
4,2,0.2808403106022923
