i,coord,value
1,1,1.2204043502980273
2,1,2.7972700141331948
1,2,0.8289034875906156
2,2,3.163519356574895
