j,coord,value
1,1,3.2042168595196445
2,1,1.435255248113903
3,1,1.2325831646039394
4,1,3.9583327622431392
1,2,0.4491445805019043
2,2,0.2558427293425618
3,2,2.281863177807563
4,2,1.769167972401343
