i,coord,value
1,1,1.6669773814161373
2,1,1.3203323313563808
1,2,1.1314518622514773
2,2,2.02509475035698
