j,coord,value
1,1,0.06981842068280386
2,1,3.36867241772623
3,1,2.4295083930495647
4,1,0.6864760951769
1,2,0.38100252736823315
2,2,1.0608194638508186
3,2,1.595830477128401
4,2,3.092776719406308
