i,coord,value
1,1,1.219187081947489
2,1,1.1382533952678793
1,2,0.6099490162500105
2,2,3.3205562805421804
