i,coord,value
1,1,1.534573426227798
2,1,2.908689379361708
1,2,1.703558684534805
2,2,2.5196448503877247
