j,coord,value
1,1,0.8259977143017005
2,1,2.1336634098976153
3,1,3.6137222208025332
4,1,2.4239187213226905
1,2,3.716041015340176
2,2,2.3507504760800466
3,2,0.9796678225814914
4,2,2.653802570073764
