i,coord,value
1,1,1.6430624660611177
2,1,1.6633692074407398
1,2,1.3898422887204929
2,2,3.355779099816637
