j,coord,value
1,1,3.6454875158585605
2,1,3.3493514765117305
3,1,1.3243052884727011
4,1,3.2638176385962097
1,2,2.069493032423418
2,2,0.7661298249284045
3,2,2.549400783859104
4,2,2.417338369087527
