i,coord,value
1,1,2.3000571804046572
2,1,1.7389386498857031
1,2,1.4446322264728606
2,2,2.4138763426775545
