i,coord,value
1,1,1.1482876972726972
2,1,1.261503940893941
1,2,1.6157534611543267
2,2,3.674669454188189
