j,coord,value
1,1,1.6437191447536903
2,1,1.8718892061944752
3,1,1.1042649829019382
4,1,3.4322702711056876
1,2,0.3540522439052203
2,2,3.3749433298408356
3,2,2.063785912422683
4,2,2.4868364190721435
