j,coord,value
1,1,2.9415150904147356
2,1,3.9689026035401156
3,1,3.2362596501684666
4,1,3.679212095098756
1,2,3.4054718071078054
2,2,1.4999740651390576
3,2,3.77134542396316
4,2,3.7627559743046604
