i,coord,value
1,1,2.667575001524255
2,1,2.360985222768913
1,2,1.4368466647025544
2,2,3.2760573742672197
