i,coord,value
1,1,2.789135478499834
2,1,1.6733947718118567
1,2,0.892563474061034
2,2,2.8598576690304673
