j,coord,value
1,1,1.319139907211273
2,1,1.2911857456270166
3,1,0.8808300629663792
4,1,0.945974900406402
1,2,0.5893254841889637
2,2,3.6355718876204683
3,2,0.3690608112685787
4,2,2.912395663874259
