i,coord,value
1,1,2.699865409805011
2,1,1.9723149959598847
1,2,1.1253564747367737
2,2,3.6350201771464388
