j,coord,value
1,1,3.2238910123458018
2,1,1.6327603044194046
3,1,2.6227857638092673
4,1,1.060213319820098
1,2,3.3267009111198473
2,2,1.7373021744836805
3,2,1.6129660428111645
4,2,1.8047837269297178
