i,coord,value
1,1,1.6896463965458541
2,1,1.0835818507741513
1,2,0.44376356593393274
2,2,2.7143499157054682
