j,coord,value
1,1,0.9949861375196027
2,1,3.488945994096516
3,1,3.1666876830653075
4,1,2.143135157844874
1,2,2.051551386546221
2,2,2.393889819919717
3,2,2.84287286114713
4,2,0.8716271097795034
