j,coord,value
1,1,2.183678976084164
2,1,2.8132882067650407
3,1,3.2777962736676436
4,1,2.4063092625544624
1,2,1.757753136118903
2,2,0.7393023301093482
3,2,3.386588814657595
4,2,0.08734199274604526
