i,coord,value
1,1,1.656049081445097
2,1,2.555335640150492
1,2,1.7411253798271995
2,2,3.7681021049098637
