i,coord,value
1,1,1.319608789482914
2,1,1.1738418097588836
1,2,0.7362394913037498
2,2,3.040689761858475
