i,coord,value
1,1,2.075357877732255
2,1,2.845651097227546
1,2,0.22912061996568922
2,2,3.064264936371409
