j,coord,value
1,1,0.3413186726094226
2,1,3.139950883929204
3,1,0.8944157706712894
4,1,3.8580375865817076
1,2,1.4991093032961271
2,2,0.818637413934574
3,2,0.84914812492578
4,2,3.4514258361585037
