j,coord,value
1,1,3.3797935696020107
2,1,0.6430639208240998
3,1,0.050344018947848124
4,1,2.8459685259592304
1,2,3.509360347626313
2,2,0.3761432034633372
3,2,3.4379930297775267
4,2,0.9673206855398151
