i,coord,value
1,1,1.0731567951288987
2,1,1.5503299785302913
1,2,0.771596695952641
2,2,2.144203791967665
