j,coord,value
1,1,2.568634397978412
2,1,0.3307302376585892
3,1,0.6448253621538984
4,1,0.5726860372642153
1,2,0.6822953546626556
2,2,1.0702033454078035
3,2,0.2505619566616244
4,2,2.5954827388696367
