i,coord,value
1,1,2.009732598306719
2,1,2.111123049668897
1,2,0.45143110262813213
2,2,2.7471133621652304
