j,coord,value
1,1,1.2865250156686225
2,1,0.9182187087457652
3,1,2.9621427888830874
4,1,1.7949586278476537
1,2,0.5855824435863815
2,2,1.8018897263254856
3,2,1.2223439632923285
4,2,0.11174918677822321
