i,coord,value
1,1,1.612054040975721
2,1,1.1404155939902587
1,2,1.723287195591827
2,2,2.0775713291957674
