j,coord,value
1,1,2.6900599995119077
2,1,0.44350609019204335
3,1,1.9617185330470583
4,1,2.896000988831691
1,2,1.7972840638939718
2,2,3.3859758024585402
3,2,0.4247889515961911
4,2,2.4254252378780357
