i,coord,value
1,1,1.129844868767047
2,1,2.0730364627353106
1,2,1.680084594016868
2,2,3.4548884216080626
