j,coord,value
1,1,1.3616586643399637
2,1,1.8619356780414047
3,1,2.5914932915232693
4,1,3.746699271058426
1,2,0.29780969985260075
2,2,1.1453779968662632
3,2,0.5335786787399077
4,2,1.0904609694002825
