i,coord,value
1,1,2.0060123776322496
2,1,2.1061044738907007
1,2,0.029678079289852333
2,2,3.1147891184900436
