i,coord,value
1,1,1.3418609387775797
2,1,2.744424711973739
1,2,0.7130568707755545
2,2,3.595964045196369
