j,coord,value
1,1,3.0800867419497373
2,1,2.3888312405765157
3,1,0.7580661762360412
4,1,0.4926570136398909
1,2,3.605288982631464
2,2,3.854153304868871
3,2,2.143946408207672
4,2,3.4896182978219823
