i,coord,value
1,1,2.2919758860461057
2,1,2.912301060206616
1,2,0.2541251428255271
2,2,2.110529696808314
