i,coord,value
1,1,2.2053110099038
2,1,1.839555511451641
1,2,0.1556561303077164
2,2,3.7695958966765337
