j,coord,value
1,1,2.43232833491967
2,1,1.3329392600997552
3,1,1.9098723974215988
4,1,1.7592514391061331
1,2,2.547727019812584
2,2,3.1434876078315086
3,2,1.102738462375564
4,2,1.8354928515682563
