j,coord,value
1,1,0.7906520470163603
2,1,3.4596180982386824
3,1,0.37823055160831665
4,1,0.5145821207091466
1,2,2.634600861484557
2,2,0.4510164795869529
3,2,1.1593986515736425
4,2,3.7824524101989176
