i,coord,value
1,1,1.37801875486251
2,1,2.580953439692058
1,2,1.2655768760380173
2,2,2.1083316051390533
