i,coord,value
1,1,2.265205179543649
2,1,1.0610318917386636
1,2,0.8421034548761905
2,2,3.2170257390231876
