j,coord,value
1,1,1.2334928739578572
2,1,1.2627281063335931
3,1,2.6963322890059698
4,1,1.8641861063669705
1,2,2.9550877438206102
2,2,0.7867667854493132
3,2,0.17335983674844746
4,2,2.119698038912694
