j,coord,value
1,1,0.6467006999912179
2,1,3.9169971384541964
3,1,0.24905555572227156
4,1,1.4614583528059693
1,2,0.7681452200499974
2,2,2.6595932925283376
3,2,2.311154399339541
4,2,0.21222627379103143
