i,coord,value
1,1,1.0699034812332884
2,1,2.451147119228689
1,2,1.7820673756342196
2,2,3.155837723638241
