i,coord,value
1,1,2.903371164080586
2,1,1.101832155920529
1,2,0.20533725978206463
2,2,3.3396842931705617
