j,coord,value
1,1,2.3134894630958986
2,1,3.445797738635931
3,1,0.07513635768398652
4,1,0.6945713896304073
1,2,3.1695095466150094
2,2,1.8305841494032613
3,2,1.6052365618376565
4,2,1.3577664731446886
