j,coord,value
1,1,0.9276859133951616
2,1,2.156172287375907
3,1,0.055273974109675716
4,1,1.0611657727148627
1,2,0.9684137262025843
2,2,1.3668962476351654
3,2,0.2614890006469981
4,2,3.851856646882086
