i,coord,value
1,1,2.5126660838407457
2,1,2.138509431776333
1,2,0.5092876516541309
2,2,2.619951932979323
