i,coord,value
1,1,1.0462789101128858
2,1,2.0790075010695594
1,2,0.7300369076243065
2,2,3.247421154789099
