j,coord,value
1,1,3.166327694321041
2,1,0.799954088167294
3,1,1.31280527859745
4,1,2.6650761126194005
1,2,0.1878620971334155
2,2,3.631729406772578
3,2,0.5940924698372902
4,2,3.6570668023781026
