j,coord,value
1,1,2.3275982124976067
2,1,3.008274510359527
3,1,2.0970950171687877
4,1,2.482643702162575
1,2,0.44322523931598035
2,2,2.815467047072796
3,2,3.550510514651733
4,2,0.2861864154745777
