i,coord,value
1,1,2.0376373109008643
2,1,1.730496433356015
1,2,1.4912658564344805
2,2,2.4072892439706393
