i,coord,value
1,1,1.9947802085965902
2,1,1.598261282788743
1,2,0.623955207199782
2,2,3.129655338779532
