j,coord,value
1,1,1.3794635549917826
2,1,2.7512003280665156
3,1,1.4023496782095926
4,1,1.7752031241257078
1,2,1.5156252246685256
2,2,0.16883683346511003
3,2,3.96269136612121
4,2,1.0603713330365325
