j,coord,value
1,1,3.393748716467106
2,1,1.8059997937788435
3,1,1.4673998550117884
4,1,2.0422369332453134
1,2,1.7870035633948338
2,2,1.4374529924665795
3,2,2.880954563490681
4,2,1.7274716346360424
