i,coord,value
1,1,1.6174961080506112
2,1,1.5845500971217885
1,2,1.3275664647764331
2,2,3.300458334101359
