j,coord,value
1,1,3.943678050574608
2,1,2.083736039162576
3,1,3.574820512889431
4,1,1.2358825510913332
1,2,3.521244896843996
2,2,2.5577228058444854
3,2,1.1190735911977838
4,2,1.8923751649473002
