i,coord,value
1,1,2.2676129444646786
2,1,2.4968590076600816
1,2,0.6159970888743276
2,2,3.8778687714191307
