j,coord,value
1,1,0.13926532827613514
2,1,2.6633212915632734
3,1,1.1690346688040192
4,1,0.232071295759662
1,2,2.2028570381057406
2,2,3.541546179010762
3,2,3.9705422644669675
4,2,2.7388986690990302
