i,coord,value
1,1,1.2124130096627157
2,1,2.748505163754473
1,2,1.1810701626272033
2,2,3.3004266096108825
