j,coord,value
1,1,1.4363008349504125
2,1,3.780609984782239
3,1,3.7782441866011114
4,1,1.2917980242613152
1,2,1.183951997942318
2,2,0.08270045210297816
3,2,0.4890896604607513
4,2,0.5410095115933715
