i,coord,value
1,1,1.4583635276623934
2,1,1.4834140911142295
1,2,1.9260527009001907
2,2,2.3737175246545843
