i,coord,value
1,1,2.365489469892003
2,1,2.9915961375719835
1,2,1.8763321014814727
2,2,3.5774997824555053
