j,coord,value
1,1,0.8573726632630407
2,1,1.4865688083300146
3,1,1.5128057318814885
4,1,1.5066733584818288
1,2,3.8869079614279203
2,2,3.455525477298807
3,2,1.819701346585353
4,2,3.7752968747254547
