i,coord,value
1,1,2.215234326233813
2,1,2.878430459628448
1,2,0.3384341805842461
2,2,2.757484855962148
