j,coord,value
1,1,2.6177427191412623
2,1,1.731697797852191
3,1,1.1175485731562427
4,1,3.7282770313818623
1,2,0.5277714404898677
2,2,3.2358403035785464
3,2,1.0432273427976342
4,2,3.4463284872488744
