i,coord,value
1,1,2.91430820548175
2,1,2.300055398679535
1,2,0.9505559400904191
2,2,3.2896359462400304
