j,coord,value
1,1,3.6321553612928428
2,1,2.045822248971531
3,1,3.6292507203039848
4,1,2.4367860505869503
1,2,2.872560995618791
2,2,2.405775617365259
3,2,1.9682507990471874
4,2,1.8964410908256952
