i,coord,value
1,1,1.9314350172686239
2,1,1.3859226085155019
1,2,1.9423995400996454
2,2,3.700620936023733
