j,coord,value
1,1,2.0376621107652104
2,1,2.0457490838826446
3,1,2.0829707613371657
4,1,1.01246822863552
1,2,2.234277061893772
2,2,0.7627029333936166
3,2,3.107533162425002
4,2,2.094996185410995
