i,coord,value
1,1,2.0791778672762256
2,1,1.2942066745902563
1,2,1.42342451974152
2,2,2.5038380225652754
