j,coord,value
1,1,0.8369808714796498
2,1,0.22485248630816113
3,1,0.03675042893314373
4,1,2.921437598259399
1,2,2.782858606801102
2,2,0.2782520797517458
3,2,0.8760949009831411
4,2,3.926541057304835
