i,coord,value
1,1,2.220530511128065
2,1,1.408100329531594
1,2,1.6946776367418774
2,2,3.21444293932647
