j,coord,value
1,1,2.1096048518166177
2,1,0.31790462120701335
3,1,1.5827592697438364
4,1,3.4008926060880547
1,2,0.3172911153816056
2,2,1.6694173559051304
3,2,2.23534339107115
4,2,3.327689819195136
