j,coord,value
1,1,2.6171017113518356
2,1,2.4733411001005643
3,1,3.9895449782372565
4,1,2.8068838816516974
1,2,2.36711266370668
2,2,0.6875493245414446
3,2,1.619518882384818
4,2,1.3727084797265876
