i,coord,value
1,1,1.2984553351051167
2,1,2.8540573470611887
1,2,1.5593951652882772
2,2,2.3173616433975015
