i,coord,value
1,1,1.8596181464252712
2,1,1.0683884902317775
1,2,1.735172132508081
2,2,3.437492151548974
