j,coord,value
1,1,1.465409749806295
2,1,1.6298516950941009
3,1,1.7780901137668823
4,1,1.2857464619431136
1,2,3.3163345004220792
2,2,2.538734570865859
3,2,2.189885971119733
4,2,2.4719910326065637
