j,coord,value
1,1,0.9925054337437293
2,1,0.9216350855035356
3,1,3.432179442604503
4,1,3.8189492116235404
1,2,0.33233932533500266
2,2,2.5163825878959023
3,2,2.7102440438762057
4,2,0.183277954760114
