i,coord,value
1,1,1.2129861006103075
2,1,1.4508523715923332
1,2,1.9792903170529983
2,2,2.1118546582053135
