uj,t,value
1,1,0.0
2,1,2258.629946988862
3,1,7379.111679339071
4,1,3118.170787373215
1,2,1139.1336766325458
2,2,0.0
3,2,4146.543149065738
4,2,7470.2355880028645
