uj,t,value
1,1,0.0
2,1,3059.218925480439
3,1,5013.989503117968
4,1,4682.70398510274
1,2,0.0
2,2,460.8974207157289
3,2,3188.9781034252874
4,2,9106.036889560131
