uj,t,value
1,1,0.0
2,1,1529.6094627402208
3,1,6543.59896585819
4,1,4682.703985102738
1,2,0.0
2,2,0.0
3,2,2349.748796392213
4,2,10406.163617308935
