uj,t,value
1,1,889.9804638819678
2,1,3188.9781034252874
3,1,3994.249861291154
4,1,4682.70398510274
1,2,0.0
2,2,1677.5225954293956
3,2,3188.9781034252874
4,2,7889.411714846467
