uj,t,value
1,1,1399.850284795374
2,1,3188.9781034252883
3,1,3484.3800403777486
4,1,4682.703985102738
1,2,0.0
2,2,2285.8351827862284
3,2,3188.9781034252874
4,2,7281.099127489633
