uj,t,value
1,1,0.0
2,1,694.09674925934
3,1,7379.11167933907
4,1,4682.70398510274
1,2,0.0
2,2,0.0
3,2,3497.414237990677
4,2,9258.498175710467
