uj,t,value
1,1,0.0
2,1,2258.629941693618
3,1,7379.111679339076
4,1,3118.1707926684558
1,2,1139.1336805838469
2,2,4.729372449219227e-11
3,2,4146.543149065738
4,2,7470.235584051516
