uj,t,value
1,1,0.0
2,1,1529.6094627402204
3,1,6543.598965858191
4,1,4682.7039851027375
1,2,0.0
2,2,0.0
3,2,1824.9377620705163
4,2,10930.974651630633
