uj,t,value
1,1,889.9804638819683
2,1,3188.9781034252874
3,1,3994.2498612911536
4,1,4682.70398510274
1,2,0.0
2,2,1677.5225954293946
3,2,3188.9781034252874
4,2,7889.411714846467
