uj,t,value
1,1,0.0
2,1,694.0967492593409
3,1,7379.111679339071
4,1,4682.703985102738
1,2,0.0
2,2,0.0
3,2,3497.41423799068
4,2,9258.498175710469
