uj,t,value
1,1,0.0
2,1,1019.7396418268122
3,1,7053.468786771595
4,1,4682.70398510274
1,2,0.0
2,2,0.0
3,2,3497.414237990677
4,2,9258.498175710472
