uj,t,value
1,1,0.0
2,1,694.09674925934
3,1,7379.11167933907
4,1,4682.70398510274
1,2,0.0
2,2,0.0
3,2,2349.748796392213
4,2,10406.163617308937
