uj,t,value
1,1,0.0
2,1,1529.60946274022
3,1,6543.5989658581875
4,1,4682.70398510274
1,2,0.0
2,2,0.0
3,2,1824.9377620705159
4,2,10930.974651630633
