i,coord,value
1,1,1.5088867312631282
2,1,2.821759269823919
1,2,0.35126810703645894
2,2,3.3625619679398047
