j,coord,value
1,1,3.71635155964283
2,1,0.9247690088463192
3,1,3.3046145577380814
4,1,2.580800766610037
1,2,3.9693885157900635
2,2,2.918915275113015
3,2,2.6425383602822867
4,2,1.581736374672312
