i,coord,value
1,1,1.8551947320945035
2,1,2.964642667756272
1,2,0.8177045276624659
2,2,3.9379321502842384
