j,coord,value
1,1,0.47261318518304263
2,1,3.421254245758644
3,1,3.255349622546919
4,1,0.21694071835749762
1,2,2.105414781388908
2,2,0.3002834973984405
3,2,3.744021808402399
4,2,0.12833678467839293
