j,coord,value
1,1,1.3714568508574607
2,1,0.5516465041012983
3,1,2.1320579674915177
4,1,0.3647454216011119
1,2,0.8233996754745405
2,2,0.3113571515914284
3,2,1.8553856303719467
4,2,2.4468742172534848
