i,coord,value
1,1,2.6167866272149976
2,1,1.4939836193140998
1,2,1.605111761294871
2,2,3.225754640759047
