j,coord,value
1,1,2.95467658999461
2,1,0.40114297204446103
3,1,3.9968256365288464
4,1,2.960593700943896
1,2,3.142305687391174
2,2,1.0753923957969684
3,2,1.7565232124705186
4,2,2.158514252455228
