j,coord,value
1,1,0.8822136129176279
2,1,0.8893905548007863
3,1,0.48732870441858767
4,1,1.4243355763113423
1,2,0.9750602406254321
2,2,2.6672677490589103
3,2,1.2531247629269195
4,2,3.602328342483687
