i,coord,value
1,1,1.6462050182388894
2,1,1.027620087667759
1,2,0.9418743273578116
2,2,3.8845904005076735
