j,coord,value
1,1,2.1742032680844576
2,1,1.3771095078138695
3,1,3.5504238541749062
4,1,3.531104825519481
1,2,1.8395688168933209
2,2,3.90358363654094
3,2,1.4227552531050494
4,2,3.073749459428198
