i,coord,value
1,1,1.5870772256691283
2,1,1.1437159616295438
1,2,1.728901856887142
2,2,2.504648324150077
