j,coord,value
1,1,2.295619622974514
2,1,0.6160730901373626
3,1,0.47873676448744096
4,1,0.2870626457715191
1,2,0.6657549377972192
2,2,3.951541008879892
3,2,0.9661887446302666
4,2,2.051927374315626
