j,coord,value
1,1,3.9815651657095947
2,1,1.8011394227644848
3,1,0.9534215435843447
4,1,1.1221989343019487
1,2,0.9676800940983705
2,2,2.564450329469815
3,2,1.9218920605534802
4,2,3.31914243180837
