i,coord,value
1,1,1.8475531750578074
2,1,2.827712781677129
1,2,0.5364088849689383
2,2,2.893472684301879
