j,coord,value
1,1,0.39222557201742614
2,1,0.59042737768441
3,1,1.3280064403790077
4,1,0.06492371209725789
1,2,3.850292414295326
2,2,0.4229784731345356
3,2,2.3058142565904856
4,2,2.3365396238305376
