i,coord,value
1,1,2.5740323820607247
2,1,1.0369138740450434
1,2,1.9314925789735715
2,2,2.3012857753281546
