i,coord,value
1,1,2.8033469003087372
2,1,2.6853453335588684
1,2,0.6089580964427477
2,2,3.0005193680447144
