j,coord,value
1,1,1.9382668015234112
2,1,0.8293136300218422
3,1,3.686911675113335
4,1,0.46142978866699247
1,2,1.9500157010343049
2,2,3.3799289137569013
3,2,3.719327186124128
4,2,0.6686304678176018
