j,coord,value
1,1,3.176691832056113
2,1,3.2105059923159587
3,1,1.4536159328726792
4,1,1.0284181595294934
1,2,3.7798880427362453
2,2,2.2704224803571718
3,2,2.552180997826914
4,2,1.5959402292483515
