i,coord,value
1,1,1.8233913842407907
2,1,2.2229079906304134
1,2,0.038627091195913676
2,2,2.5258709870727953
