i,coord,value
1,1,1.570097212838151
2,1,2.9113049993723354
1,2,1.0694021970378997
2,2,3.4307087466610184
