j,coord,value
1,1,2.4815781508113304
2,1,1.5507866462581297
3,1,3.643863564676265
4,1,2.1734489845149882
1,2,1.7896244852251835
2,2,1.2929346326715176
3,2,2.122643021148078
4,2,0.5625232521814252
