i,coord,value
1,1,1.9992804220205105
2,1,2.1017381084295197
1,2,0.9123759038715102
2,2,2.4592144674305896
