j,coord,value
1,1,3.7490464821540974
2,1,0.17344955039700016
3,1,1.8496924020868817
4,1,3.4072589202248174
1,2,0.034487258097405604
2,2,1.4707882436161457
3,2,0.49477800893934143
4,2,2.9033734516401197
