j,coord,value
1,1,0.26807424145748593
2,1,3.32655304792182
3,1,2.3804333860945723
4,1,0.763214606777411
1,2,2.3988808989162314
2,2,2.544314396628822
3,2,3.5252061336432488
4,2,0.6586049515784951
