i,coord,value
1,1,2.7504444193876667
2,1,2.4803446603924293
1,2,0.9457450115586197
2,2,3.5728541726986256
