j,coord,value
1,1,0.6352351816232047
2,1,3.918554911430335
3,1,0.17602712115268604
4,1,2.578254597266556
1,2,2.4144566446921143
2,2,1.7896643418500133
3,2,3.8551566626017153
4,2,1.155398597781152
