i,coord,value
1,1,1.2833560357901728
2,1,2.8318942213224827
1,2,1.6727906212508992
2,2,2.337372869048465
