j,coord,value
1,1,3.448854895602313
2,1,0.8922421945898886
3,1,0.7965381657535064
4,1,3.620773757922627
1,2,3.7707278984345205
2,2,3.1592139301284234
3,2,3.5781473465720666
4,2,0.22731046305032576
