j,coord,value
1,1,0.32829969605262743
2,1,3.7837487535899
3,1,3.2760541925443203
4,1,0.9588266172489854
1,2,1.1042869267497637
2,2,0.7646499997501408
3,2,0.6900780822911909
4,2,1.4316482911579178
