i,coord,value
1,1,1.3117147728784917
2,1,1.5869552900026611
1,2,1.533044656114687
2,2,2.464034844061766
