j,coord,value
1,1,0.8748037486887705
2,1,1.871948191486425
3,1,0.7083384895637592
4,1,0.9084723864082482
1,2,2.58053636412555
2,2,0.9641963097338433
3,2,2.7876963897533686
4,2,0.11254200299445616
