i,coord,value
1,1,1.12614302238552
2,1,2.9766632986930874
1,2,1.3516576787262888
2,2,3.091912208525091
