j,coord,value
1,1,3.498676176978263
2,1,3.97032959180628
3,1,2.435120458150745
4,1,2.8507887697532683
1,2,2.8268395058084868
2,2,0.04893982394686924
3,2,2.57229521313104
4,2,0.32858545405364126
