i,coord,value
1,1,2.327978724360259
2,1,2.1365368848866644
1,2,1.56419128874634
2,2,2.2777061629452815
