j,coord,value
1,1,0.3039502065975066
2,1,3.9000472606149854
3,1,2.755809367237142
4,1,2.4014959714008706
1,2,0.8358984100748934
2,2,0.7708311362388001
3,2,2.067729666281237
4,2,0.4878670028349892
