j,coord,value
1,1,0.5543816212546524
2,1,1.3173832686944258
3,1,2.5893224709548295
4,1,1.6227911080338262
1,2,0.6965718863390529
2,2,3.9617107951010033
3,2,0.7470073292227823
4,2,2.1282981631067215
