i,coord,value
1,1,2.978129162387259
2,1,1.7110971648068882
1,2,0.24047687024995623
2,2,2.8691314228145037
