i,coord,value
1,1,1.1119094802100697
2,1,2.1966843501987636
1,2,0.6969271470600951
2,2,2.789274443159492
