j,coord,value
1,1,0.5421234441613536
2,1,1.0555309279331873
3,1,3.2202805576606637
4,1,2.4404411824678647
1,2,1.7281438035751235
2,2,0.6190865052913535
3,2,2.7498768260217936
4,2,2.7643864896262813
