j,coord,value
1,1,2.543969888235277
2,1,2.468940862031576
3,1,1.6514893528241386
4,1,1.2030251195417363
1,2,0.707434439057776
2,2,0.03350063911374379
3,2,3.2615283750942576
4,2,3.6746925618291235
