j,coord,value
1,1,0.8781508462295973
2,1,0.5504594647493128
3,1,0.27540870632379066
4,1,1.4416315605781849
1,2,2.7409669233079157
2,2,1.10069185760265
3,2,3.274649746081195
4,2,0.5011984754243084
