i,coord,value
1,1,1.4630429162262748
2,1,2.217903949035019
1,2,0.8280048831840938
2,2,3.413000262284342
