j,coord,value
1,1,0.4877835950330942
2,1,2.742215001895483
3,1,3.5265369849185397
4,1,2.5288898403718534
1,2,0.3380634177068709
2,2,0.36168511453016716
3,2,3.0482368477165775
4,2,0.4883631502819856
