i,coord,value
1,1,2.710927478032847
2,1,1.9207253738988292
1,2,1.6283823335112728
2,2,3.4820778687171985
