i,coord,value
1,1,1.414560123359171
2,1,1.953975413302203
1,2,0.5231735607163601
2,2,2.9387291177232786
