j,coord,value
1,1,3.491034612107435
2,1,1.4431271387289324
3,1,0.937241703691114
4,1,0.27361876336921176
1,2,3.6103392028339485
2,2,3.370059645231696
3,2,2.5042402922149853
4,2,1.1966207978877814
