j,coord,value
1,1,3.0437331443469655
2,1,0.016138082252211028
3,1,1.6080734634122487
4,1,2.5753877878504934
1,2,1.0633855557050556
2,2,0.9804322374871735
3,2,1.1043059361135046
4,2,2.8375705561113254
