i,coord,value
1,1,1.1155848738989507
2,1,2.2856361458386476
1,2,1.382662826214203
2,2,2.5727807406424956
