j,coord,value
1,1,2.180019069880824
2,1,1.0680435196757747
3,1,3.200691835051829
4,1,3.579918028488888
1,2,2.0613148475342946
2,2,0.6136216007015718
3,2,0.5702506003028045
4,2,3.9545393832776146
