i,coord,value
1,1,2.5957630575049007
2,1,1.4352902803946312
1,2,1.5691769693736362
2,2,2.4557022584746626
