j,coord,value
1,1,1.1738810859928916
2,1,1.765522909069706
3,1,2.9464042617334356
4,1,2.5349156108867166
1,2,3.2986394713921428
2,2,0.3736853841236356
3,2,1.8032988231595306
4,2,2.0829721706455153
