i,coord,value
1,1,1.9975318474133328
2,1,1.483600344995498
1,2,1.8570792033236563
2,2,2.024903016136089
