j,coord,value
1,1,3.765719850547184
2,1,0.9061388594500115
3,1,0.45505652203752645
4,1,3.7220641035071904
1,2,3.051883533383607
2,2,2.6543327671616987
3,2,1.5432831173546533
4,2,2.3335369980746123
