j,coord,value
1,1,1.5493593576334668
2,1,2.437539946067055
3,1,0.26888590752081676
4,1,0.6003634637371391
1,2,3.412515891943017
2,2,0.7130976969261238
3,2,2.603453964882115
4,2,2.479143785485144
