i,coord,value
1,1,1.976423476744766
2,1,1.4049246253630914
1,2,0.7771076962646564
2,2,3.512042676665117
