i,coord,value
1,1,2.70374307006172
2,1,1.1313073644822695
1,2,0.5056583687439171
2,2,2.2904246015609844
