j,coord,value
1,1,1.734224084543452
2,1,1.9124184547943028
3,1,2.882963928624578
4,1,1.9721108657884483
1,2,3.6134353693003467
2,2,1.8264443812734448
3,2,2.208016814536276
4,2,1.472962390329445
