j,coord,value
1,1,0.6002718586185729
2,1,2.0457532368063744
3,1,0.2293854333975398
4,1,3.7537560061648048
1,2,2.8457635296089703
2,2,0.447094257706552
3,2,1.8754381333961758
4,2,1.1508435718824077
