i,coord,value
1,1,2.0615306688228103
2,1,2.545568659614169
1,2,0.36353461076256544
2,2,3.5677652022361412
