j,coord,value
1,1,2.340415116362136
2,1,2.1356065017104173
3,1,1.714788914356018
4,1,1.6006528412628076
1,2,3.3235408107215383
2,2,3.126672691549709
3,2,2.3774522044198085
4,2,3.017082212269025
