i,coord,value
1,1,2.9740661137341275
2,1,1.7950123386084658
1,2,1.435115572782658
2,2,3.086958641342629
