uj,t,value
1,1,37025.418780869
2,1,0.0
3,1,0.0
4,1,2059.6619659110015
1,2,22690.94117000001
2,2,5610.105171951931
3,2,6.424806684648938e-5
4,2,42409.6547735
1,3,39691.15
2,3,0.0
3,3,139556.0
4,3,35325.07500018407
1,4,3274.4
2,4,4811.9
3,4,0.0
4,4,13969.55
