uj,t,value
1,1,39085.08074678
2,1,0.0
3,1,0.0
4,1,0.0
1,2,22690.941170000006
2,2,4453.760012299994
3,2,0.0
4,2,43565.99999740001
1,3,39691.15
2,3,0.0
3,3,139556.0
4,3,35325.075000000346
1,4,3274.4
2,4,4811.9
3,4,0.0
4,4,13969.55
