uj,t,value
1,1,34965.756814958004
2,1,0.0
3,1,0.0
4,1,4119.32393179088
1,2,22690.94117000001
2,2,11220.210327987457
3,2,0.00014441253692570825
4,2,36799.5495373
1,3,39691.15
2,3,0.0
3,3,131533.71625
4,3,43347.358750000036
1,4,3274.4
2,4,5100.027499999993
3,4,0.0
4,4,13681.422500000004
