uj,t,value
1,1,29816.601900180496
2,1,0.0
3,1,0.0
4,1,9268.4788465995
1,2,22690.94117000001
2,2,17677.675294925
3,2,7567.798267975002
4,2,22774.286446799993
1,3,39691.15
2,3,94789.40062499998
3,3,26448.618124999935
4,3,53643.05625000003
1,4,3274.4
2,4,5513.9625
3,4,3161.646249999996
4,4,10105.841250000001
