uj,t,value
1,1,33935.92583200249
2,1,0.0
3,1,0.0
4,1,5149.154914777508
1,2,22690.94116971061
2,2,14025.263090213512
3,2,1.7223468069926508e-6
4,2,33994.49691805359
1,3,39691.14999769123
2,3,114856.09999562323
3,3,1.105469322742098e-7
4,3,60024.97500657559
1,4,3274.4
2,4,5513.962499999998
3,4,301.1812499999942
4,4,12966.306250000005
