uj,t,value
1,1,35995.58779791347
2,1,0.0
3,1,0.0
4,1,3089.4929488354687
1,2,22690.94117000001
2,2,8415.1578543
3,2,0.0
4,2,39604.602155399996
1,3,39691.15
2,3,0.0
3,3,138882.57937500003
4,3,35998.49562500037
1,4,3274.4
2,4,4811.9
3,4,0.0
4,4,13969.55
