uj,t,value
1,1,28786.770917224996
2,1,124.02928572000002
3,1,403.0103571399997
4,1,9771.270186695001
1,2,22690.94117000001
2,2,17677.675294925
3,2,10372.850886075
4,2,19969.233828699987
1,3,39691.15
2,3,87440.5375
3,3,33797.48124999997
4,3,53643.056249999994
1,4,3274.4
2,4,5513.9625
3,4,3876.762499999999
4,4,9390.724999999999
