uj,t,value
1,1,560.4050000000001
2,1,2266.7
3,1,6926.45
4,1,0.0
5,1,219.26
6,1,1216.0
7,1,11731.24464286
8,1,0.0
9,1,323.28499999999997
10,1,124.02928572
1,2,9144.028334
2,2,9706.299997999999
3,2,10512.5
4,2,0.0
5,2,0.0
6,2,16500.8818305938
7,2,15723.9083326
8,2,22089.866665199996
9,2,0.0
10,2,7013.214124506205
1,3,30875.1
2,3,29896.4
3,3,30971.200000000004
4,3,0.0
5,3,42663.12618917209
6,3,58309.6
7,3,12681.323810827926
8,3,82919.59999999999
9,3,11218.1
10,3,0.0
1,4,3260.7
2,4,0.0
3,4,0.0
4,4,0.0
5,4,5508.2
6,4,6144.2
7,4,2225.0381250000123
8,4,0.0
9,4,11218.1
10,4,3159.349374999982
