uj,t,value
1,1,32906.09484904699
2,1,0.0
3,1,0.0
4,1,6178.985897733008
1,2,22690.941170000006
2,2,16830.315700790583
3,2,7.809394446667284e-6
4,2,31189.44430110002
1,3,39691.15
2,3,114856.1
3,3,4402.028749999968
4,3,55622.94624999998
1,4,3274.4
2,4,5513.962500000001
3,4,1016.2974999999933
4,4,12251.190000000002
