uj,t,value
1,1,35995.5877979135
2,1,0.43182125299533103
3,1,0.0
4,1,3089.0611276135023
1,2,22690.941169145524
2,2,8415.157855805654
3,2,3.569347619366296e-10
4,2,39604.60215469096
1,3,39691.149998680194
2,3,114856.09999752775
3,3,1.1394121864336459e-9
4,3,60024.97500379751
1,4,3274.4
2,4,4811.9
3,4,0.0
4,4,13969.55
