uj,t,value
1,1,34965.756814958004
2,1,0.0
3,1,0.0
4,1,4119.323931821993
1,2,22690.94116786725
2,2,11220.210480469943
3,2,3.725822565808809e-10
4,2,36799.54953131504
1,3,39691.14999903256
2,3,114856.09999837512
3,3,6.92648816125128e-10
4,3,60024.97500261569
1,4,3274.4
2,4,5100.027499999989
3,4,0.0
4,4,13681.422500000008
