uj,t,value
1,1,30846.43288313599
2,1,0.0010312688595172257
3,1,0.0
4,1,8238.646832375145
1,2,22690.94117000001
2,2,17677.675294925004
3,2,4762.745649875
4,2,25579.339064899996
1,3,39691.15
2,3,33209.37608733874
3,3,39533.4351626612
4,3,102138.26375000001
1,4,3274.4
2,4,5513.9625
3,4,2446.529999999997
4,4,10820.9575
