uj,t,value
1,1,38055.2497638245
2,1,0.005443987696024987
3,1,0.0
4,1,1029.8255389678015
1,2,22690.94117000001
2,2,4453.749604725911
3,2,0.010407574082437596
4,2,43565.9999974
1,3,39691.14999952368
2,3,1.806385986669857e-10
3,3,139555.9999996466
4,3,35325.07500081382
1,4,3274.4
2,4,4811.9
3,4,0.0
4,4,13969.55
