uj,t,value
1,1,31876.263866091496
2,1,0.0
3,1,0.0
4,1,7208.8168806885005
1,2,22690.94117000001
2,2,17677.675294925
3,2,1957.6930317750011
4,2,28384.391682999994
1,3,39691.15
2,3,11750.891874999987
3,3,109487.12687500002
4,3,53643.056249999965
1,4,3274.4
2,4,5513.9625
3,4,1731.413749999996
4,4,11536.073750000001
