j,coord,value
1,1,0.7565471521527991
2,1,1.7634508566895226
3,1,1.9147426627604043
4,1,0.5387179293163915
1,2,0.07889959045831585
2,2,1.8589353173644465
3,2,3.745484608934949
4,2,1.3865515261250763
