i,coord,value
1,1,2.4491237107478336
2,1,2.242590805328535
1,2,0.5027284297086863
2,2,3.3109333834207426
