j,coord,value
1,1,2.788421417127575
2,1,2.3661246301716727
3,1,0.5348657287662886
4,1,3.6409867374084817
1,2,2.1488778900074625
2,2,2.0575029285017696
3,2,3.517204176711467
4,2,0.6519889497146534
