i,coord,value
1,1,1.9058331333124123
2,1,2.3247265183076853
1,2,0.5589136264458874
2,2,2.5658932721560257
