j,coord,value
1,1,3.6443102665604736
2,1,1.8617414193327488
3,1,2.9520982673374205
4,1,0.8820352520250978
1,2,0.2355681757545618
2,2,3.1891548407862
3,2,3.9670567295459858
4,2,1.7001169162060341
