i,coord,value
1,1,48.116021
2,1,47.47194
3,1,46.776228
4,1,45.904199
5,1,45.536224
6,1,44.951721
7,1,44.455269
8,1,44.189991
9,1,44.032704
1,2,-96.195024
2,2,-94.890864
3,2,-92.107358
4,2,-95.357713
5,2,-94.195334
6,2,-93.110376
7,2,-95.796187
8,2,-93.995051
9,2,-92.486169
