j,coord,value
1,1,1.1863920534958785
2,1,2.46120083805088
3,1,0.3612982228496735
4,1,1.3836443552995967
1,2,3.691684938702614
2,2,1.3940902232295125
3,2,2.914250988053695
4,2,0.9432146149046061
