i,coord,value
1,1,1.0966295778771828
2,1,1.1398414340160257
1,2,0.7421651059117063
2,2,3.457414434869575
