i,coord,value
1,1,1.4849800601605911
2,1,2.2380111126199784
1,2,0.5503504310888743
2,2,3.6088192032976174
