j,coord,value
1,1,3.1729159147973247
2,1,0.9085166051767821
3,1,2.638437648775666
4,1,2.145796541101192
1,2,0.6890289713593338
2,2,1.9025442133529191
3,2,0.011532561114591111
4,2,2.558861709903522
