j,coord,value
1,1,1.488560790697568
2,1,2.0177627642718314
3,1,1.8848247824986006
4,1,0.11911607049638562
1,2,1.5560152520031916
2,2,3.6036512660186943
3,2,0.49551428503562933
4,2,3.177329243984114
