i,coord,value
1,1,2.4653320813475226
2,1,2.4679121061686593
1,2,1.8751598710626263
2,2,3.4941916750258764
