i,coord,value
1,1,1.5991533305651002
2,1,2.8795049371264474
1,2,1.9798189178655679
2,2,2.419219884800266
