i,coord,value
1,1,2.4134836348302784
2,1,2.46069561276761
1,2,1.0590495974951621
2,2,2.5493491816027545
