j,coord,value
1,1,3.746002406132447
2,1,3.641724109123399
3,1,0.8231150134028953
4,1,3.108750803869792
1,2,3.436151507712815
2,2,1.7057100629680644
3,2,0.47928965785344424
4,2,2.443544334687228
