j,coord,value
1,1,2.576583846827928
2,1,0.24928604504913832
3,1,2.9903411656570795
4,1,1.5698605983057643
1,2,1.9754476260701792
2,2,1.4823539046497114
3,2,3.9304253179839876
4,2,0.6757390016052849
