i,coord,value
1,1,1.9555253651585267
2,1,2.9837761130522056
1,2,1.6687167847295536
2,2,3.319288407517
