i,coord,value
1,1,1.487901547749746
2,1,2.6273001590017317
1,2,1.6510674763722992
2,2,3.9265793318818742
