j,coord,value
1,1,1.1046501380774836
2,1,3.2742405472322527
3,1,1.1203919241462423
4,1,3.3709419332078667
1,2,1.0965946236927455
2,2,3.102157470290288
3,2,3.29440177915995
4,2,1.1562833498739011
