i,coord,value
1,1,1.9235542637495184
2,1,2.8798030902886187
1,2,0.2674295947168206
2,2,2.2967998148354862
