i,coord,value
1,1,2.285532687775814
2,1,1.691038161273943
1,2,1.802437421499487
2,2,2.554996591763874
