j,coord,value
1,1,3.9720580725265004
2,1,3.291660101942685
3,1,2.3579119005098637
4,1,3.597359878747385
1,2,0.9280793874481361
2,2,0.5428187527486159
3,2,1.7661014244497095
4,2,3.160792911564156
