j,coord,value
1,1,0.9283546352561172
2,1,3.558325527805144
3,1,0.29481180877282487
4,1,3.099031315939936
1,2,2.405769619648682
2,2,3.900051077239096
3,2,2.4472401165603865
4,2,0.40250444084854653
