i,coord,value
1,1,1.6317952744326922
2,1,1.7951763275128858
1,2,0.6269980859141042
2,2,3.9421728422880227
