i,coord,value
1,1,1.2107151986484757
2,1,2.022336106536434
1,2,1.322313380476405
2,2,3.3973602587579803
