i,coord,value
1,1,1.8037586971413777
2,1,1.5752497729143573
1,2,1.115254843787226
2,2,2.6129122190180674
