j,coord,value
1,1,3.8121038283974595
2,1,3.353668772369998
3,1,3.0612928800176986
4,1,0.4602935165081923
1,2,0.3582390297210787
2,2,3.6338194380861157
3,2,0.2898718436101233
4,2,3.8689686780229793
