j,coord,value
1,1,1.3664961423679154
2,1,2.7569926303323204
3,1,3.066564413368043
4,1,3.1767488103233266
1,2,0.3247358199101198
2,2,3.579276957190837
3,2,1.971866677826093
4,2,0.8271398984935243
