i,coord,value
1,1,1.2592795891619852
2,1,2.406881434112965
1,2,1.6794842237144434
2,2,2.3551409542162927
