j,coord,value
1,1,3.675104025943653
2,1,3.725687403918113
3,1,3.9319190728777857
4,1,0.4891414823962137
1,2,0.2891126963556676
2,2,3.18011618795719
3,2,1.5482405523690934
4,2,3.9262452653131645
