i,coord,value
1,1,2.871868341189858
2,1,1.342238484219948
1,2,1.7195395291837527
2,2,3.613513831770411
