i,coord,value
1,1,1.7150250320586562
2,1,1.2552561628098406
1,2,0.18894875105350906
2,2,3.4380505838439728
