j,coord,value
1,1,1.665827632002606
2,1,1.6061689024754302
3,1,0.5405454798554592
4,1,2.581175844573286
1,2,3.5625458056858665
2,2,2.5230044786489882
3,2,0.13304679680510478
4,2,1.5658987810316671
