i,coord,value
1,1,2.104103654385089
2,1,2.3835236152463453
1,2,1.6225075284678039
2,2,2.123194809472025
