j,coord,value
1,1,2.6639023343498303
2,1,0.3851025353947013
3,1,1.1665484635649306
4,1,3.61099403384291
1,2,0.564920061265215
2,2,2.28781584288279
3,2,0.2844937072274467
4,2,1.6767179430007881
