i,coord,value
1,1,2.394110140297066
2,1,2.4654369853008653
1,2,1.9521191262036817
2,2,3.5574711264405092
