j,coord,value
1,1,0.7334922166343905
2,1,3.128827868035528
3,1,0.02021713654389412
4,1,0.38641608502438585
1,2,0.3044309826741096
2,2,0.32821817190592917
3,2,2.3194741201903817
4,2,3.9733321048714916
