i,coord,value
1,1,2.8016779691284004
2,1,2.6295039151566093
1,2,0.928467619327594
2,2,2.2964992262913118
