j,coord,value
1,1,1.4439108948348545
2,1,0.010285731634291917
3,1,2.101237144865662
4,1,0.4637105861597197
1,2,1.8820896403870306
2,2,1.578841097258735
3,2,0.8689969415823819
4,2,1.740626957072783
