i,coord,value
1,1,1.9157252612154334
2,1,2.582409984107859
1,2,1.4812630687464328
2,2,3.100194814435003
