j,coord,value
1,1,3.0317494688163564
2,1,3.465411633839468
3,1,1.0861715217314103
4,1,2.1845211578281853
1,2,1.7221334394792032
2,2,2.7288291004504766
3,2,2.6512668030556226
4,2,0.5322985871078894
