i,coord,value
1,1,1.5808464221056548
2,1,2.895984539186652
1,2,1.3679507801773891
2,2,2.060021279703494
