j,coord,value
1,1,3.1090819779159036
2,1,3.8768180559146628
3,1,3.6643212789162467
4,1,0.7364179787283813
1,2,3.140282470520191
2,2,1.2447383189171841
3,2,2.261481544170097
4,2,0.27669829054596695
