i,coord,value
1,1,1.2224882603379745
2,1,1.608413570179039
1,2,1.9104350927934446
2,2,2.7079915155965875
