j,coord,value
1,1,1.3279971299165618
2,1,2.436417054232996
3,1,2.066764737336797
4,1,2.2825297957792556
1,2,0.36568619131679236
2,2,1.6621558815577373
3,2,0.6180872806294229
4,2,3.4209928555377624
