i,coord,value
1,1,2.4304015541871324
2,1,1.1308027983023965
1,2,1.6452947086348269
2,2,3.210765703999931
