j,coord,value
1,1,1.8446876685644487
2,1,3.659843105829085
3,1,0.9919108337787397
4,1,0.06216591121384507
1,2,2.6041809117125747
2,2,0.5006324261607755
3,2,1.9568866503667008
4,2,2.6394670291425615
