i,coord,value
1,1,1.7204010647511072
2,1,1.7864692859555695
1,2,1.0345068736336407
2,2,3.6249718770428365
