j,coord,value
1,1,1.3309092744795645
2,1,3.454487112659359
3,1,0.20117049075961502
4,1,0.07512845812436542
1,2,0.17616976054267086
2,2,2.2667296637177787
3,2,0.4985675327971686
4,2,1.225576087772696
