i,coord,value
1,1,2.9560317583633138
2,1,2.139678414896764
1,2,0.4384062779311986
2,2,3.036405824693822
