j,coord,value
1,1,1.66158838717161
2,1,0.8216612367188931
3,1,2.8717817489233046
4,1,1.2549166857655596
1,2,3.956945565666494
2,2,0.5796177345396836
3,2,2.4451623902888464
4,2,2.7689903225067933
