i,coord,value
1,1,2.613555117174965
2,1,2.5217300512538348
1,2,0.965445202962923
2,2,3.24275016019713
