j,coord,value
1,1,2.0824604281008114
2,1,1.3140370164214517
3,1,3.953922610599979
4,1,2.710386063456837
1,2,1.1469729324343483
2,2,0.7884532604908903
3,2,0.06250381564407492
4,2,0.8300003877578543
