j,coord,value
1,1,0.6691789142788385
2,1,2.3611987161812786
3,1,0.23726000512285372
4,1,3.050540466298348
1,2,2.647426271132438
2,2,3.114294121204371
3,2,2.5903801309085144
4,2,2.014253237023055
