i,coord,value
1,1,2.364871519354641
2,1,1.9535271809574468
1,2,0.21352675024069345
2,2,3.309974576342976
