i,coord,value
1,1,1.6898881847818947
2,1,2.498773504113838
1,2,1.1513816289868362
2,2,3.29055825974597
