j,coord,value
1,1,0.23597970163204485
2,1,0.3004313260223066
3,1,3.6740834849366113
4,1,1.232424236704114
1,2,1.7813868398371397
2,2,0.8241846857010882
3,2,2.825993473018787
4,2,3.9262601382561173
