i,coord,value
1,1,2.792921212994561
2,1,2.501319828366552
1,2,0.6019036869741665
2,2,2.4153881531445416
