j,coord,value
1,1,3.5663713244663398
2,1,1.5132631486558243
3,1,2.965264344959844
4,1,0.9074814002811893
1,2,3.2798542575179748
2,2,1.7066601290986667
3,2,2.262523850103991
4,2,1.5443038802981386
