j,coord,value
1,1,1.7645666587130635
2,1,3.69186553930678
3,1,1.244428855019299
4,1,2.3789699472248054
1,2,3.585890950592696
2,2,3.091258714070905
3,2,0.8970849997944654
4,2,0.7407167451353569
