i,coord,value
1,1,1.760019903622006
2,1,2.2347144401165595
1,2,0.17493977371662095
2,2,2.7664753310581123
