i,coord,value
1,1,1.2855035988456132
2,1,1.3179103292042282
1,2,0.14240132578765308
2,2,3.649313838541574
