j,coord,value
1,1,2.4181477487636793
2,1,1.7582818677688787
3,1,3.8826178612333986
4,1,1.708756778136138
1,2,0.5210868421675605
2,2,3.558100761914087
3,2,1.0161211079252919
4,2,2.215385355252211
