j,coord,value
1,1,2.7695402779444107
2,1,3.3735234836291625
3,1,0.5470431977416612
4,1,1.1716429758124756
1,2,3.951222770632456
2,2,3.937077280744845
3,2,2.630735706441814
4,2,1.797995165478084
