i,coord,value
1,1,1.808983884867809
2,1,2.006235388654214
1,2,1.0827831622426232
2,2,3.205117618555556
