i,coord,value
1,1,1.8861595885195312
2,1,2.4725453854304584
1,2,1.7384413539963535
2,2,2.625723587592927
