j,coord,value
1,1,0.7557753328625543
2,1,0.24390280366190176
3,1,0.8875680269077804
4,1,2.9778341681394687
1,2,1.5481621717740963
2,2,1.675809029208772
3,2,3.720609892383351
4,2,3.1635707294935362
