i,coord,value
1,1,1.7107185102426046
2,1,1.3918028666025255
1,2,1.5326458510938492
2,2,3.012771841687618
