j,coord,value
1,1,2.5299058374435064
2,1,3.082587147940195
3,1,3.3638575682041463
4,1,0.3395197624562578
1,2,2.868222016472709
2,2,0.3127337142154891
3,2,1.7277180496346163
4,2,3.984111091918928
