j,coord,value
1,1,0.5931347845625119
2,1,1.9246017869672105
3,1,3.267816813533558
4,1,0.4510534223205571
1,2,3.2888582384292877
2,2,1.047305577373311
3,2,3.6226696501388695
4,2,2.102480611379901
