i,coord,value
1,1,2.358269143240414
2,1,1.8611345268334527
1,2,0.7900017322232704
2,2,2.416862909877697
