i,coord,value
1,1,2.256700707164959
2,1,2.384504220422804
1,2,1.9404151554029863
2,2,2.9549049627203043
