j,coord,value
1,1,0.6084398198970682
2,1,2.812994730556836
3,1,1.8325171640561422
4,1,3.6713566981922505
1,2,0.8751015392335568
2,2,1.0281777667965808
3,2,2.51566150934915
4,2,3.4938519860786577
